timestamp,engine_rpm,vehicle_speed,throttle_position,engine_temp,brake_pressure,battery_voltage,fuel_level,oil_pressure,is_anomaly,anomaly_score_if,anomaly_score_lof,combined_anomaly_score,relevance_score,model_agreement,prediction_if,prediction_lof
2024-01-01 00:00:00.000,3248.3570765056165,80.99033154879004,26.49643450051237,80.46096221061305,11.36506395035066,13.37287209539319,97.77183728353384,56.28148065848301,0,0.44712676881904767,0.06454334926581416,0.17047469795471362,0.11933228856829953,0,1,1
2024-01-01 00:00:00.100,2930.867849414408,73.86950524369153,37.10962658568965,85.6980749461025,19.68796511060916,13.363975767484844,98.65805825244432,35.77855230103839,0,0.42605042003574745,0.1046549288583017,0.15411120947058213,0.10787784662940748,0,1,1
2024-01-01 00:00:00.200,3323.844269050346,60.89445554880261,24.15160158000077,87.93197233289177,20.180168720444467,12.961307048210996,97.95571947269136,55.71796519911156,0,0.427539708140973,0.08308783241294294,0.1459011049929046,0.10213077349503322,0,1,1
2024-01-01 00:00:00.300,3761.514928204013,50.2959483344164,33.84076940721919,99.43843828670096,24.726303458434057,13.400972942489568,98.66376812227747,48.1302075371862,0,0.4241390581822514,0.09689189723805282,0.14692691954371304,0.10284884368059911,0,1,1
2024-01-01 00:00:00.400,2882.923312638332,70.47334970420386,2.1277066609242894,92.7827656226688,6.331416367191736,13.719848724546525,99.2513790582573,55.65966168691505,0,0.4640162176897604,0.1219579611975452,0.22836644875724987,0.1598565141300749,0,1,1
2024-01-01 00:00:00.500,2882.9315215254096,65.90228078132624,44.26587414745877,83.32259215450054,25.925672738473303,13.117730364276962,101.27390857226236,56.21545353883863,0,0.42800601039444847,0.07262009063623205,0.1414729899641953,0.0990310929749367,0,1,1
2024-01-01 00:00:00.600,3789.606407753696,73.42789830041599,40.02410950724448,92.4301814470882,-7.043916316027751,13.814544795315175,98.87720144210812,62.86332048895326,0,0.5029226825617253,0.2049341251444296,0.33708369768205926,0.23595858837744146,0,1,1
2024-01-01 00:00:00.700,3383.717364576454,69.52757702522955,23.658227378636187,82.26348005530818,13.701154476361896,13.6463324463253,96.26818802590026,60.82762918096962,0,0.43127208122077,0.05682022493255376,0.13921672639920468,0.09745170847944327,0,1,1
2024-01-01 00:00:00.800,2765.262807032524,75.74329072979003,53.1849133686481,95.41345526943536,15.117261575484552,13.27973000340869,101.63949505234967,60.77257330088237,0,0.4390911230050842,0.12973671670377732,0.1891860344501215,0.13243022411508504,0,1,1
2024-01-01 00:00:00.900,3271.2800217929826,51.97147182659148,58.75140275253116,87.6443767409106,26.333268260712384,13.457541108798646,97.6050990120492,61.54936255332991,0,0.42613505554384007,0.059010496835775125,0.13143524099741558,0.09200466869819089,0,1,1
2024-01-01 00:00:01.000,2768.2911535937687,79.76091098451488,7.848802712620518,89.53181905630414,20.22630852676869,13.97949654229231,99.08175834498994,52.33103187852757,0,0.4705644935117021,0.11270109475633072,0.23505323345545542,0.16453726341881877,0,1,1
2024-01-01 00:00:01.100,2767.135123214872,62.96399407038599,24.74550442867572,96.62898323771095,5.944369461437134,13.72006434405176,100.01219213300054,50.25748069629472,0,0.43995491646872065,0.09715953077946154,0.1743900498544503,0.1220730348981152,0,1,1
2024-01-01 00:00:01.200,3120.981135783017,91.12891308937898,24.617153004254035,83.56418215707875,10.150068741829848,13.502635096469444,99.4382598758446,56.98253666542668,0,0.45947658969883853,0.07628884714889765,0.1976875550885371,0.13838128856197596,0,1,1
2024-01-01 00:00:01.300,2043.359877671101,49.66218272865648,21.201937977822706,83.01440907443504,21.98680009547407,13.428695004911704,101.14731805400191,55.85664761146418,0,0.45827177659213497,0.09253233774670397,0.20372742063397714,0.14260919444378398,0,1,1
2024-01-01 00:00:01.400,2137.541083743484,86.03945704747875,56.58949683863497,87.08200336826998,19.20932658135444,13.5229827211355,99.8368851656644,47.52747010609392,0,0.4413371987577308,0.07736596369322654,0.1668818073182734,0.11681726512279138,0,1,1
2024-01-01 00:00:01.500,2718.8562353795137,62.96866175193972,36.12347722454393,95.1918942550966,14.208758903642536,13.34647093261731,97.0761796394046,53.23858727046614,0,0.4106379447129614,0.027449747160834103,0.08887633835636347,0.06221343684945442,0,1,1
2024-01-01 00:00:01.600,2493.584439832788,50.22872994578327,34.70970317378779,82.4032696226158,15.191662104880209,12.868575148284297,103.07584306670203,49.719228265723245,0,0.44978930087052027,0.1603842649758593,0.22299592877615393,0.15609715014330774,0,1,1
2024-01-01 00:00:01.700,3157.123666297637,52.741712489185176,-0.0772472881350694,75.83922200944716,26.96167997159289,14.11265337316042,99.0273055653151,43.16853673231955,0,0.5213418430486942,0.3570718558326866,0.44498030218361384,0.3114862115285297,0,1,-1
2024-01-01 00:00:01.800,2545.9879622393946,55.1947903770852,52.70836060418453,87.744205707955,14.823074271307853,13.54659749975982,98.26387810531554,60.3236859310108,0,0.4187738581116634,0.05122391442912602,0.11482202849673398,0.08037541994771379,0,1,1
2024-01-01 00:00:01.900,2293.8481493323543,66.36248919602875,15.21483210293055,92.7587039995546,19.119087559709268,13.619444179536762,100.40632932458962,50.44159394024072,0,0.4314331720443237,0.050734234713073506,0.13645209124600813,0.09551646387220568,0,1,1
2024-01-01 00:00:02.000,3732.824384460777,67.8425323205325,41.198652605326565,96.00130874869414,41.69936588080543,13.482627675036928,98.89730029025854,66.3896660615908,0,0.4867704585278614,0.22133879782255633,0.3173754908817741,0.22216284361724184,0,1,1
2024-01-01 00:00:02.100,2887.111849756732,51.394499940921314,45.54753875916384,87.68419318957301,5.76317363116077,13.279464959782624,99.11677470419696,36.99606183840134,0,0.42986334262932113,0.07575279146184989,0.1462487529852514,0.10237412708967597,0,1,1
2024-01-01 00:00:02.200,3033.764102343962,59.63468111608525,67.21317191677302,87.94286696441999,1.4815726842534147,13.444222655715368,103.2226062354396,45.54576981725307,0,0.44187972389091856,0.12670093206194688,0.19248675813894764,0.13474073069726333,0,1,1
2024-01-01 00:00:02.300,2287.625906893272,92.13405537917797,13.82359201761776,95.76950367127874,27.83589664798607,13.020181571341707,97.60791530164806,50.26111069352697,0,0.4857700686957764,0.22701664499164673,0.31848577180348625,0.22294004026244035,0,1,1
2024-01-01 00:00:02.400,2727.808637737409,85.91314755151066,-20.390243116416507,80.65129150152289,13.213569387058968,14.183125949415992,97.44255629004329,59.099048781031314,0,0.5510116311920916,0.5002724649143511,0.5678490822096468,0.6974943575467527,1,-1,-1
2024-01-01 00:00:02.500,3055.461294854933,66.54485504511048,43.6769908950739,88.05739612408496,16.817624722573797,13.12964640047328,98.23115502202292,53.19575498081748,0,0.4070056102996988,0.027777969125859742,0.0827638879114619,0.05793472153802333,0,1,1
2024-01-01 00:00:02.600,2424.5032112888484,60.570052172523006,76.01022363021707,90.95211944962529,12.188436218688858,13.190410114845848,100.06094978908,52.48378203344601,0,0.4521213812967126,0.1338962633822096,0.2137816907663736,0.1496471835364615,0,1,1
2024-01-01 00:00:02.700,3187.849009172836,61.80046990077392,64.77892705878875,92.24609360642518,17.401998592324876,13.36792223868408,94.82476977745704,40.981889659566825,0,0.40745091854910925,0.044696347637772374,0.09199255603790818,0.06439478922653573,0,1,1
2024-01-01 00:00:02.800,2699.6806550405977,69.20276959095625,44.19318830549251,87.45096653404559,35.98538112096341,13.886422717455714,93.82664597480476,40.74446882216423,0,0.43085235488037793,0.0795146782434533,0.14983867893106176,0.10488707525174322,0,1,1
2024-01-01 00:00:02.900,2854.1531251033616,44.65811152202392,30.16727628735905,90.1722050585292,28.0212845861812,13.504352699778796,96.5034471364374,52.58003728231924,0,0.4092470171817671,0.06211045787901013,0.10380321399762968,0.07266224979834077,0,1,1
2024-01-01 00:00:03.000,2699.1466938853014,56.139351938649824,56.142451932746205,77.55836323293505,28.62223511886977,13.12915926119086,94.32975167947902,39.08715204945313,0,0.4625303284421204,0.17079545705164634,0.25021762605999487,0.17515233824199639,0,1,1
2024-01-01 00:00:03.100,3926.139092254469,34.97123889183616,20.52907600591063,86.70875793833076,5.837729442073545,13.876301508227202,96.66785482246624,45.74497799768537,0,0.48825761857823635,0.20094106032895184,0.3097463886670657,0.216822472066946,0,1,1
2024-01-01 00:00:03.200,2993.251387631033,65.98834683907918,49.52715538712438,92.26754356277232,8.488462634471308,13.719300188035644,98.44243682969602,54.00733863268686,0,0.41675154509118784,0.04449741524396917,0.10796428460535731,0.07557499922375012,0,1,1
2024-01-01 00:00:03.300,2471.14453552205,69.70793909554112,50.10940318333254,85.0885298287266,-8.39078659485427,13.661530487164937,95.57585963025284,42.1414058217858,0,0.46341754709927147,0.17158182509237604,0.2521438964561142,0.17650072751927992,0,1,1
2024-01-01 00:00:03.400,7076.388743368806,52.75220306550939,61.2041981499776,125.84338272455928,11.90619178917246,13.714720272351252,94.4236241237146,62.84284769889445,1,0.613104092777893,0.36840173193117154,0.6092075672697355,0.7264452970888148,1,-1,-1
2024-01-01 00:00:03.500,2389.578175014489,83.6098014493505,95.19320077822157,92.23436250401348,29.567031863856585,14.218308570174734,97.33587152062788,59.79149075390312,0,0.5568438525761251,0.5026493006143814,0.5791153980751935,0.7053807786526354,1,-1,-1
2024-01-01 00:00:03.600,3104.431797502378,41.61351505496488,47.84831934357534,88.28725399571117,25.16946515748371,14.155528468510834,98.84220408634746,37.4286400132936,0,0.4651749299804951,0.19598315104308184,0.2673812626505352,0.1871668838553746,0,1,1
2024-01-01 00:00:03.700,2020.1649380601125,38.0343767968527,29.820727485850025,90.85231885498284,17.78486737047876,13.29398539709901,93.6470901600038,42.5410300545441,0,0.43414615222681574,0.09384585823076104,0.16269584878005225,0.11388709414603657,0,1,1
2024-01-01 00:00:03.800,2335.906975550785,63.36677727839958,39.48851375616011,85.18633717357694,19.77699716281947,13.987165497843346,98.59742175356892,31.7137820440404,0,0.46886613050636733,0.13794141502817933,0.24473867489089068,0.17131707242362346,0,1,1
2024-01-01 00:00:03.900,3098.4306179345617,75.70647453918232,4.618481902217638,88.96694360151977,13.111144574245944,13.61495045692767,98.51148928435352,43.73926909961494,0,0.4417969162645266,0.09270725624228802,0.17534683121401823,0.12274278184981276,0,1,1
2024-01-01 00:00:04.000,3369.233289997705,85.25891537186803,26.10573737821884,93.05108084794612,22.047588824017843,13.649728744841324,98.70496700111003,56.1311078125792,0,0.4352538103895359,0.07375632894462858,0.1545650831546716,0.10819555820827012,0,1,1
2024-01-01 00:00:04.100,3085.6841405949854,53.1167360569659,31.81435123773792,90.78486480484216,27.65878279480615,12.992318750507,99.1536771464601,46.68884046180114,0,0.4226639478675096,0.07235221025618088,0.13210813109085842,0.09247569176360089,0,1,1
2024-01-01 00:00:04.200,2942.17585880588,76.18021250146944,29.51823204130815,87.06734365218033,3.841132125895271,13.44888427038354,101.04066448595589,53.68637794892774,0,0.4375369408762896,0.06433571615803489,0.15379995556831186,0.1076599688978183,0,1,1
2024-01-01 00:00:04.300,2849.448152205356,59.422372957489394,43.04709744067444,91.12108202145396,22.99647687837348,13.25615292289903,95.84437245931844,37.82132545374605,0,0.4014925729459851,0.05638165502729338,0.08753937297071651,0.06127756107950155,0,1,1
2024-01-01 00:00:04.400,2260.739004816286,57.41059050088771,23.551601352355988,93.57304895318308,29.324348709546676,13.748417644467994,96.6956196366322,56.38380203665524,0,0.4397342289087329,0.0859586819711482,0.1684082841780056,0.11788579892460391,0,1,1
2024-01-01 00:00:04.500,2640.077895802646,73.25489906230008,62.42061334648943,79.75029360711261,15.848997110366303,13.82132415012084,95.56351952990036,45.5591261765732,0,0.44604165899229825,0.11783544830094157,0.19524571128116677,0.13667199789681672,0,1,1
2024-01-01 00:00:04.600,2769.6806145201062,69.78484317620129,40.00414129836394,95.79537032477948,27.00700612120584,12.877654094695108,96.32027000582794,50.09735745826324,0,0.42954909765426297,0.12227421347979217,0.1689664584047572,0.11827652088333004,0,1,1
2024-01-01 00:00:04.700,3528.561113109458,36.35411764523626,39.81399357722771,88.31872630659464,48.14654444472553,13.493389540798718,99.30198294750886,49.25700398885558,0,0.4774119790723706,0.2795096229272178,0.3302897406262114,0.23120281843834797,0,1,1
2024-01-01 00:00:04.800,3171.8091447842307,82.14810524588844,33.44210566974164,92.12744966620116,18.95657207013108,13.836558451438275,93.46612718829482,39.82761183286173,0,0.43116586430852916,0.08216855132836764,0.15170735006069788,0.10619514504248852,0,1,1
2024-01-01 00:00:04.900,2118.479922318633,80.70137031221176,43.10381367717958,95.98623461822612,23.93307050005324,13.443996311305966,94.35397673174492,40.77532534608174,0,0.43385748634095184,0.07341418892446742,0.15198120841176857,0.10638684588823799,0,1,1
2024-01-01 00:00:05.000,3162.0419846973973,50.61655947735706,56.5019652933527,83.14163151384767,12.619429163386084,13.71871909350071,98.75035786900511,57.74235575202741,0,0.4383799151043524,0.08918922421803178,0.16768334297018403,0.11737834007912881,0,1,1
2024-01-01 00:00:05.100,2807.458859791842,65.93705300156114,22.657395685781992,86.45279498786226,21.812511626020505,13.605349640288123,97.95598892972008,53.19193726001357,0,0.4021472544483157,0.031451489083148335,0.07620555936904294,0.05334389155833005,0,1,1
2024-01-01 00:00:05.200,2661.5389998470205,67.41045279424108,26.837670218494868,88.55725652062148,24.60271624982304,13.602498069585788,95.10957254220168,58.400392332427415,0,0.40697589884160973,0.0388867037010873,0.08826691471921427,0.06178684030344999,0,1,1
2024-01-01 00:00:05.300,6257.626147525976,63.91010648735861,33.92547942446671,127.10628928725876,21.94842340270138,13.41860550657951,97.4645597579972,52.59726588402015,1,0.5515283866242914,0.5715516546567596,0.6043816144715575,0.7230671301300902,1,-1,-1
2024-01-01 00:00:05.400,3515.499761247976,51.7454226923187,13.082581530535702,98.67468287918403,9.803046802911432,13.135025758759287,96.35810736065974,51.14392507847373,0,0.4569630789142691,0.15917937143026534,0.23478954839906718,0.164352683879347,0,1,1
2024-01-01 00:00:05.500,3465.6400595580994,49.92564948092922,23.61484280557005,85.71613953086603,22.06361771325451,13.163540955772492,98.59614481359758,36.19191505066587,0,0.4319082986857115,0.11753321256230274,0.17067258429942297,0.11947080900959607,0,1,1
2024-01-01 00:00:05.600,2580.391238388681,59.61668893512832,30.47558252910682,87.22226610256567,34.62195938717637,13.712805754336594,95.66453470316908,47.83706642591064,0,0.41910596776313375,0.059991059925642305,0.11977947644229767,0.08384563350960836,0,1,1
2024-01-01 00:00:05.700,2845.393812074393,77.59093528889048,57.48778361425455,91.02194515801489,24.486357645145272,13.505837476655666,97.4866996631806,49.78092543677005,0,0.4128951384502334,0.04627636681396627,0.10219000908963294,0.07153300636274305,0,1,1
2024-01-01 00:00:05.800,3165.631715701782,68.15400231891648,45.2512265800385,83.98925236961955,29.61987189071841,13.458446326617832,100.6393791763406,65.6248575861806,0,0.44940565287661943,0.0736920082133773,0.17898686853725393,0.12529080797607775,0,1,1
2024-01-01 00:00:05.900,3487.77256356118,54.44078501870841,43.87179822735089,88.02159644121868,17.629880299873722,13.372832987303294,96.4714735853702,55.49565305678942,0,0.3991724019004544,0.03854382024436623,0.07461127183333746,0.05222789028333622,0,1,1
2024-01-01 00:00:06.000,2760.412881077355,71.57548065972517,57.01795924335944,91.58726630625088,27.499002394237102,13.408443346355774,95.29385152678488,62.28848945367623,0,0.4233724164828275,0.0736564614950644,0.1339844685469641,0.09378912798287486,0,1,1
2024-01-01 00:00:06.100,2907.1705116680914,17.27186069054887,37.25256423201207,88.33569797808744,22.79267838216526,13.814073538346442,96.56000908555708,54.78030164715783,0,0.47426664937887725,0.170339712808657,0.27026975322007474,0.1891888272540523,0,1,1
2024-01-01 00:00:06.200,2446.8325129969858,77.23148550558156,47.80929699857779,89.53306570550026,10.49089270312768,13.399426775439592,94.30447331862727,44.30957418440416,0,0.4015948117831315,0.05861922593106173,0.0888348239683923,0.06218437677787461,0,1,1
2024-01-01 00:00:06.300,2401.8966879596646,33.904293318328506,37.93556494135007,87.35333943775815,23.185210047988743,13.09768058600953,99.73089036600442,50.93699372919881,0,0.44417940779690523,0.11492109015404883,0.1905706197879602,0.13339943385157213,0,1,1
2024-01-01 00:00:06.400,3406.262911197099,54.56338587895301,45.30724698799257,82.42764845409616,10.083033365596895,13.723095532662052,95.23501695026684,51.889789170113865,0,0.4117300396007092,0.06659599354987347,0.11033656771117677,0.07723559739782374,0,1,1
2024-01-01 00:00:06.500,3678.1200142854113,43.20495158060784,28.34482684776836,91.6079660566962,13.67119725115208,13.438537000840585,94.24892815434376,42.48675544183455,0,0.42070857091139785,0.08951323261369533,0.13730981141803603,0.09611686799262521,0,1,1
2024-01-01 00:00:06.600,2963.994939209833,40.57977786418641,-8.77634316552858,98.7746653582362,21.89328307292374,13.509418759659832,93.04333670467464,46.92490098725663,0,0.4704025198241939,0.21063854787699512,0.2837420744976597,0.19861945214836177,0,1,1
2024-01-01 00:00:06.700,3501.766448946012,77.41240181067779,37.31441675627392,90.0920081539172,22.97244273380124,13.982273491919852,96.82907501784752,48.35386405058262,0,0.4308100104889565,0.05497492156247255,0.13749563079296337,0.09624694155507435,0,1,1
2024-01-01 00:00:06.800,3180.818012523817,52.98448198032163,68.45496272199881,91.12632058623775,8.107675349228709,13.493831832794848,96.28892938021004,62.84495866052095,0,0.4354011103439546,0.11396448885326133,0.17492369287056186,0.1224465850093933,0,1,1
2024-01-01 00:00:06.900,2677.440122697438,65.19755822596073,58.52430804483185,93.46361377558428,30.539857711828763,13.586755101935616,93.4797657316463,33.35407579687217,0,0.44567161701768265,0.09782288005304329,0.18460000607970997,0.12922000425579697,0,1,1
2024-01-01 00:00:07.000,3180.697802754207,59.29619131681224,59.30794969182341,83.65334751726651,25.720062783004728,13.146322952610502,95.54729708463924,59.646547365728345,0,0.42852766818659693,0.06694740886638324,0.1395380575962164,0.09767664031735147,0,1,1
2024-01-01 00:00:07.100,3769.0182832329847,67.15561240834683,64.72261443612436,98.51257329064802,12.952715643891162,13.434099164294713,91.2972023778886,42.50563812032494,0,0.4258356609049999,0.11822545036118137,0.1605253730919468,0.11236776116436276,0,1,1
2024-01-01 00:00:07.200,2982.0869804450244,61.15232836590383,41.77315181922875,91.011643982114,4.624152035508246,13.68285781356258,94.60417538438055,39.023366501843086,0,0.4141843061506082,0.08839118024164015,0.1254750576836053,0.08783254037852371,0,1,1
2024-01-01 00:00:07.300,3782.3218279070034,40.755116637171454,43.94631414811191,98.15928449544556,18.550954209185686,13.033387879847629,95.05966685830757,59.43953704030771,0,0.45437752764218226,0.1785086097734595,0.23998641500808945,0.16799049050566262,0,1,1
2024-01-01 00:00:07.400,1690.1274479551278,74.94400229170711,27.646962091313,86.33483502238005,15.540562861388398,13.560253527934712,97.48873369319251,55.85518455387505,0,0.44380454436796196,0.0915292372869691,0.17822694095308228,0.1247588586671576,0,1,1
2024-01-01 00:00:07.500,3410.951252187612,52.59365125258032,33.678542879459,99.09030961278911,21.13140457053023,13.53023732179344,92.4523563885366,60.03614961904952,0,0.4175226990427578,0.09193915196008204,0.1330176831207003,0.09311237818449021,0,1,1
2024-01-01 00:00:07.600,3043.523534119085,36.65127152010373,52.31542299542284,93.87577747017392,16.368833388444337,13.512386236676232,91.35720865630928,56.40561558036461,0,0.41444987363845487,0.07669494973205361,0.12008583482718474,0.08406008437902932,0,1,1
2024-01-01 00:00:07.700,2850.496324767066,53.578272585511314,64.07768874337633,92.7652004292618,-0.0745686074500966,13.811147669597473,92.04297791198375,66.47876001389922,0,0.4665293502051377,0.19997352924813952,0.27171684797524615,0.19020179358267228,0,1,1
2024-01-01 00:00:07.800,3045.880388267751,82.51139685951466,37.21107448638001,91.17012227176572,16.116530616988417,13.600331554454556,91.08061675312392,54.469790695555886,0,0.39998286032694885,0.02896397713333218,0.07122179735110877,0.049855258145776134,0,1,1
2024-01-01 00:00:07.900,2006.2155426995537,72.7533261317024,30.99621470297177,88.75735690962776,16.94380888931687,13.943421569506931,96.34698838919164,48.748180991014735,0,0.4357101461493526,0.07238368190821627,0.15466729370358143,0.10826710559250699,0,1,1
2024-01-01 00:00:08.000,2890.164056081244,54.77021798388211,40.010559177131945,96.00265829236936,26.336610247740587,13.20192314532179,96.69087218364167,52.74341101857074,0,0.41260140316434935,0.0419193806433349,0.09950395052286853,0.06965276536600797,0,1,1
2024-01-01 00:00:08.100,3178.556285755873,54.76113443522357,52.024134978582296,90.70179934924025,13.018003253889503,13.540777370165504,94.15394666941116,59.94775302676771,0,0.40444713345728717,0.03529415556888503,0.08210101234679115,0.057470708642753804,0,1,1
2024-01-01 00:00:08.200,3738.947022370758,55.17547423173926,11.122903677329164,80.16465148206424,36.786746733725664,13.525340035916985,95.87602332480373,43.76499739791906,0,0.4726505292739574,0.2219609258802353,0.2932877542414675,0.20530142796902726,0,1,1
2024-01-01 00:00:08.300,2740.864890863176,91.15121975341262,-5.923619062744763,84.414067691465,0.8835944934824305,13.179223651873476,93.62127011451382,44.78489133974895,0,0.49644293911948845,0.28869071197246504,0.36776519500797816,0.2574356365055847,0,1,1
2024-01-01 00:00:08.400,2595.753198553406,65.7290317834733,28.98926301016833,89.07077123903626,33.111674978026244,13.786888500627404,93.08304997787174,47.52831988321674,0,0.4087044106933853,0.05312980653222715,0.0983752811086672,0.06886269677606703,0,1,1
2024-01-01 00:00:08.500,2749.121478207732,66.45062470786604,15.585751481716828,91.54999491582778,17.75681029121895,14.197401991755845,92.52711795508569,33.163337609877345,0,0.4795293142813957,0.1976139590756475,0.2930005983996318,0.20510041887974223,0,1,1
2024-01-01 00:00:08.600,3457.701058851037,75.45425181047763,29.83719604705378,89.71705755550052,28.59584872343556,13.49489817765485,92.49233113035798,51.104627267340376,0,0.4017749756871055,0.029968556615102455,0.07482080695951646,0.05237456487166152,0,1,1
2024-01-01 00:00:08.700,6460.0009050968,63.581837385397705,37.04439362365057,110.1144186308393,20.79801484058733,13.65150632648213,89.93742992041497,34.91097036839179,1,0.5496677895304257,0.6535179946615274,0.6421497302904178,0.7495048112032924,1,-1,-1
2024-01-01 00:00:08.800,2735.1198981164807,56.11436781268945,30.93503181953973,80.24449067980687,31.39555536025469,13.5253555427446,93.48146248016764,50.42447450346095,0,0.4211777219261519,0.07335477134747756,0.1300412592158794,0.09102888145111557,0,1,1
2024-01-01 00:00:08.900,3256.633716556678,57.05475226372533,69.04935068941491,90.7179396825258,16.126380354471888,13.285924599027847,92.7922050524448,56.922318049082,0,0.4077662450720707,0.05263610052434497,0.09650730695195746,0.06755511486637021,0,1,1
2024-01-01 00:00:09.000,3048.5387746740203,58.92598110878904,46.5348952920464,80.91010387306423,9.013795748221876,12.953771916659395,94.28351424094856,46.18498831484931,0,0.4359693223675484,0.11175389574906629,0.17480024910626374,0.12236017437438461,0,1,1
2024-01-01 00:00:09.100,3484.3224952664445,59.44166645235238,46.00948719221657,93.79856147742083,34.205042872710635,13.28826795507139,92.89975970558991,63.416926961494966,0,0.4341902024382143,0.08641303304066623,0.15905555358672985,0.11133888751071089,0,1,1
2024-01-01 00:00:09.200,2648.973453061324,70.9144431545547,52.44414288086804,89.52770642778998,18.865193541178588,13.08241248571448,92.30722522949443,38.3159928046521,0,0.41702421778419035,0.0641006675014684,0.1182370807070477,0.08276595649493339,0,1,1
2024-01-01 00:00:09.300,2836.168926701116,60.77918828710949,17.223337644384618,92.0980498601206,22.215584736242107,14.011230623417736,90.81016649253728,59.53008545305466,0,0.4339728193344836,0.07314834013569008,0.1520475758600766,0.10643330310205362,0,1,1
2024-01-01 00:00:09.400,2803.945923433921,70.98960115823368,60.78223574840537,85.68058519705117,32.34751914044795,13.465467091823028,92.616778946116,55.40109645125537,0,0.41197229726084633,0.08065097430119496,0.11778267182448252,0.08244787027713775,0,1,1
2024-01-01 00:00:09.500,2268.2425259339407,58.78925129837126,38.484714269290805,96.39732465828877,9.68044757905565,13.396224201285849,93.86886685402472,36.27173401351449,0,0.4309520074850413,0.09533415004973422,0.15792061145031988,0.1105444280152239,0,1,1
2024-01-01 00:00:09.600,3148.060138532288,61.17952785474136,53.409612344824254,95.20862332029424,25.954908976392574,13.766746147436342,90.0256343301446,71.68635439232426,0,0.44065243581461083,0.1553198897774198,0.20467552119145632,0.1432728648340194,0,1,1
2024-01-01 00:00:09.700,3130.5276360899447,30.026989732018382,18.56285533919689,92.91772151505944,14.101052435371091,13.163474669143234,92.40717973959372,49.49003771596827,0,0.4431785569142394,0.10576148000729356,0.18426137537061768,0.12898296275943236,0,1,1
2024-01-01 00:00:09.800,3002.5567283212304,73.74491512053723,8.924824679678714,89.3524137656828,18.67830644355628,13.269940788598634,92.61823805521112,42.98012782275495,0,0.4177214963098809,0.0647078982588866,0.11974557179393336,0.08382190025575334,0,1,1
2024-01-01 00:00:09.900,2882.7064333124267,65.19732713846989,56.35779316050058,92.89928642647564,20.722789653842888,10.859046329706656,90.63594250483554,15.76727371928206,1,0.5869632575034407,0.8427524395595457,0.8012123669177252,0.8608486568424076,1,-1,-1
2024-01-01 00:00:10.000,2292.314628974793,74.97015164789478,47.528190521950336,86.46553716006325,4.99778138553064,13.808630697427043,90.816279382176,48.23985577872261,0,0.4171865972364288,0.06540534741133318,0.11917000732900154,0.08341900513030108,0,1,1
2024-01-01 00:00:10.100,2789.6773386173204,16.556169327094658,21.95896891284979,94.27777829510356,12.211629571795651,13.650505513550636,92.37313360944434,48.98074502088032,0,0.4875328316437636,0.18032424376795878,0.2981855709995383,0.20872989969967679,0,1,1
2024-01-01 00:00:10.200,2828.642741736616,91.32562057171091,22.60673837450611,98.2474044716196,33.51072892413139,13.574497542754765,89.56498979524659,50.82116422831732,0,0.44841267157568226,0.14136361081488008,0.2111068288876651,0.14777478022136556,0,1,1
2024-01-01 00:00:10.300,2598.8613653891907,57.90615557767239,62.50869568829539,95.35305279989592,28.86191188584796,13.523435320570805,92.45159918225052,47.61763075020832,0,0.4036944855508498,0.06386623380357366,0.09508649917998446,0.06656054942598912,0,1,1
2024-01-01 00:00:10.400,2919.357144166996,76.62274225106275,16.21176214265344,86.35198765096295,19.37360422672765,13.620070756658032,89.88096292435327,55.06580248092075,0,0.4082057632712799,0.04007931168511003,0.0909883863753128,0.06369187046271896,0,1,1
2024-01-01 00:00:10.500,3202.0254284072694,44.40141109311704,72.85345906511927,91.80708658636551,22.43123458512893,13.560495871538777,93.71729897765805,46.89896133869403,0,0.4279323798161878,0.06822468327188067,0.1391480549220155,0.09740363844541085,0,1,1
2024-01-01 00:00:10.600,3943.092950605265,69.19160857593855,21.987585307042625,83.53429228120676,17.057574943635423,13.19100831756692,96.18716700228812,34.520287062076235,0,0.46707156939389777,0.18915455309495988,0.26724429787246984,0.1870710085107289,0,1,1
2024-01-01 00:00:10.700,3087.2889064159194,44.19876655239516,52.76783851216766,92.86195155587838,33.56583385827982,13.513823766489946,89.7099178280278,48.80510803480287,0,0.4100493386451409,0.06549091465276921,0.10687982903740433,0.07481588032618303,0,1,1
2024-01-01 00:00:10.800,3128.775195361382,50.64346558956292,33.42763048502031,92.2530170643127,17.99647422205836,13.177893402324674,92.4197670761007,31.06017877301377,0,0.44639918052508964,0.09292802962878499,0.18340978808669348,0.12838685166068542,0,1,1
2024-01-01 00:00:10.900,2962.777042116916,88.71047030800179,52.06374862164687,80.65091830233918,22.31842092134848,13.524324762870249,89.81778746150724,52.83016504713112,0,0.43021208716933773,0.09250215932044462,0.1552260566843302,0.10865823967903114,0,1,1
2024-01-01 00:00:11.000,2040.6143923504792,57.1397639885498,29.117719957716147,84.19108078043818,31.46030144142065,13.355805617553528,93.27309953878677,42.16559815773892,0,0.43753989226901707,0.1027688212939258,0.17302160805153022,0.12111512563607114,0,1,1
2024-01-01 00:00:11.100,2986.743062275392,63.26149309769584,36.74414187855412,88.58430551628116,12.226285151540935,14.261814486834858,88.58059429294069,51.306882839326406,0,0.4277334126974515,0.08621532541360437,0.1477995669707168,0.10345969687950175,0,1,1
2024-01-01 00:00:11.200,3030.115104970513,73.05101596033131,40.818383507914426,88.49570126429587,35.58789184496894,13.488031684874487,91.99220454788646,60.51259985219684,0,0.4113951055115116,0.06295493579912893,0.10793728309753656,0.07555609816827559,0,1,1
2024-01-01 00:00:11.300,4231.621056242643,67.43522831958907,19.956250884370547,83.95261532290597,4.695385902566232,13.078728130121524,89.20497301717225,42.410010437856,0,0.45797768671159855,0.19995015862820872,0.25692815286469795,0.17984970700528854,0,1,1
2024-01-01 00:00:11.400,2903.8195176094387,62.256283577153646,54.81648690840252,91.94489364676092,36.29642131112799,13.459745936796924,90.45690169267414,58.49005006809694,0,0.4161726457453242,0.050681146063525376,0.11005582986527909,0.07703908090569536,0,1,1
2024-01-01 00:00:11.500,3150.7736711668063,65.47441503699338,29.735728670568296,91.25736804470256,16.273244160480253,13.655807623691366,88.72874024049618,46.532883466510775,0,0.3843388232034107,0.027645503779981106,0.043530148785230975,0.03047110414966168,0,1,1
2024-01-01 00:00:11.600,2982.644115147378,96.05123377857412,35.428001693199626,89.02865434010741,17.57301252174718,14.002009183845756,92.35541165250224,64.02555841652469,0,0.476069601010318,0.16909654565850626,0.27276361425386464,0.19093452997770524,0,1,1
2024-01-01 00:00:11.700,2415.660981190234,59.13571804449622,20.113012507829755,86.22104249920818,1.0998982881705714,13.323164280018384,88.95666992175146,47.07877909441429,0,0.425113499334126,0.08480392925133126,0.14256673969702163,0.09979671778791514,0,1,1
2024-01-01 00:00:11.800,3571.4114072575103,5.96020996779502,-11.24667317590621,95.24353563208282,88.66160407204262,13.025271607792908,91.6544790692142,43.27605611594647,1,0.6426295127356004,0.7020419197743959,0.827046672920585,0.8789326710444094,1,-1,-1
2024-01-01 00:00:11.900,3375.966516343387,75.75981594011418,36.17944474799662,98.27703556544148,9.601934689731156,13.745051103429294,89.78227441394581,55.497907603162304,0,0.4202318254557595,0.0770578323265121,0.13025830988472956,0.09118081691931068,0,1,1
2024-01-01 00:00:12.000,3395.5159735215234,76.58288899436975,88.25230843225832,87.58219258076731,13.923536546265272,13.085820388230104,90.16144564679269,46.51368216301091,0,0.46034819488888995,0.14971374688119313,0.23590611174260506,0.16513427821982354,0,1,1
2024-01-01 00:00:12.100,2545.3062726026305,77.8054545834057,55.69208575796048,86.9391654142259,18.626890342111203,13.369153367547757,90.60582212511058,43.26840388696793,0,0.40190120001526164,0.048525232789686325,0.08431725677859533,0.05902207974501673,0,1,1
2024-01-01 00:00:12.200,3701.3971554680497,69.58095333043777,39.61479240531211,92.45603832706,29.577916144729056,13.422713854346702,88.70658088691253,46.17728119436967,0,0.3984292443456539,0.049210384853558296,0.07866040088763775,0.05506228062134642,0,1,1
2024-01-01 00:00:12.300,2299.07446860386,42.854926309042746,34.742183415834646,88.20985310126507,22.07603351400626,13.479109964009968,90.57088437723192,49.64314774253599,0,0.4038926034444388,0.08211541329697088,0.10455343051407681,0.07318740135985376,0,1,1
2024-01-01 00:00:12.400,3293.428546900135,84.50147298451644,40.44931785624093,89.30301399668383,23.07676653401114,13.7067493371223,93.1307391987789,60.73744104995883,0,0.41879098381259416,0.05041058338472659,0.11444495565561753,0.08011146895893227,0,1,1
2024-01-01 00:00:12.500,4095.227812904989,42.80481910471968,50.9423823035042,93.69826575862336,9.044806111544377,13.294909715314084,88.43380041832457,34.52729803632339,0,0.4556742817787829,0.12268963811457927,0.21431768018574532,0.1500223761300217,0,1,1
2024-01-01 00:00:12.600,2504.731837434656,64.5395319785855,16.383743693823103,80.45321956246353,11.192459103972698,13.417881224349973,92.2535301964576,50.184645271603365,0,0.4291121597277865,0.06050270446719589,0.13732568868689615,0.0961279820808273,0,1,1
2024-01-01 00:00:12.700,2716.851135198614,48.68586224970963,62.28643389337744,96.59151162426336,37.98725018351312,13.495718894115184,92.8260250968054,54.999228757232345,0,0.4355983728640277,0.09266891261996274,0.16461676828234884,0.11523173779764417,0,1,1
2024-01-01 00:00:12.800,3049.8256825438207,59.03792480110511,54.30762630882488,90.36340262164671,12.647989652367537,13.544879387255635,88.11743977169367,51.54758859993437,0,0.3823498563613292,0.015037060242597171,0.03378905388177668,0.023652337717243673,0,1,1
2024-01-01 00:00:12.900,2748.2621729419,64.9314361545522,54.36371451415869,87.9425342771891,36.56208252057296,13.529348152412377,86.75956045948857,60.47892135546827,0,0.4222276152821643,0.07022876825556765,0.13029244088972525,0.09120470862280766,0,1,1
2024-01-01 00:00:13.000,2224.668284466933,64.8203582317541,48.76951477619455,89.55382922889275,17.569388011191336,13.630801732566772,90.19351138993312,49.4052373619318,0,0.39668898344724113,0.03498483063251777,0.06854050681433647,0.04797835477003553,0,1,1
2024-01-01 00:00:13.100,3034.2814874030137,66.32881131352927,40.3923331538798,89.81214677510259,20.02287936143504,13.753151852892522,88.41469446397576,48.52358846251244,0,0.3797867164435556,0.015545600119084318,0.02961429738395664,0.020730008168769645,0,1,1
2024-01-01 00:00:13.200,2468.848143136948,84.20566903587971,53.4572247193364,81.34399348277537,30.703651602299296,13.61779023469529,93.16663586775545,54.73863637610675,0,0.45548818627998544,0.12990004686973036,0.21760131730197435,0.15232092211138204,0,1,1
2024-01-01 00:00:13.300,3236.796215317591,66.8030145227097,51.83628267482756,97.47469113726618,32.718924219386565,13.636075657052766,89.41896443034902,50.7945105196108,0,0.4133658594210433,0.06164464481636013,0.11068753935724876,0.07748127755007413,0,1,1
2024-01-01 00:00:13.400,2540.2878828830985,56.33765047064027,32.91918578117952,90.2066281613531,18.89187439720913,13.025333049976055,87.66487045319892,46.87673009375623,0,0.3954425092767208,0.030752088313237266,0.06427026687257356,0.04498918681080149,0,1,1
2024-01-01 00:00:13.500,3774.96720250877,74.46130752432536,28.52796454206198,92.21501065223688,16.117569464784612,13.515068309749704,86.89487016716578,54.12915231669104,0,0.3994422201257939,0.039665974436203164,0.0756385864704349,0.05294701052930442,0,1,1
2024-01-01 00:00:13.600,2608.3733538318816,77.8420573338696,42.03712590523973,94.7577488528702,19.440795514777868,13.643852264400484,91.28891902729076,44.77977365426684,0,0.4045954261426939,0.03479310577453666,0.08210673261960821,0.057474712833725745,0,1,1
2024-01-01 00:00:13.700,6159.787375582721,41.58588277294511,70.98040302990375,127.10971909391915,23.379575282321184,13.718682358371137,87.88666108086066,45.11058278384538,1,0.5893570425323306,0.5453236933585084,0.65663438024765,0.759644066173355,1,-1,-1
2024-01-01 00:00:13.800,3406.758608684835,68.96100104774787,15.217858486921983,92.36735949517616,28.913036868697557,13.292294767729862,89.03660654786981,45.77604782587509,0,0.4090225115654002,0.06593885350314531,0.10532947305417376,0.07373063113792162,0,1,1
2024-01-01 00:00:13.900,2384.5678417830222,70.51759113466348,10.6494946849512,88.66179454550603,20.04229858994152,13.302288217533407,90.78047435909384,60.82455328133126,0,0.4296709160297838,0.07804299325742184,0.1470613466755912,0.10294294267291383,0,1,1
2024-01-01 00:00:14.000,3113.729967302065,55.53654744960012,43.29521682473033,94.23385387608246,26.188862980231537,13.32776979741492,87.82027208492713,24.23186915211429,0,0.45333624686561186,0.14401699206102142,0.22094130520274347,0.15465891364192041,0,1,1
2024-01-01 00:00:14.100,3653.571377141214,80.6356021996743,41.01775403712036,79.36386289824253,36.383597322709406,13.660924169967403,88.6168510512284,53.164790678103536,0,0.4494213474463405,0.18688718053315115,0.23561157442779435,0.16492810209945602,0,1,1
2024-01-01 00:00:14.200,2196.258382719386,57.7491661945121,43.46683328740816,89.50452849879366,23.813096122647845,13.810164316477264,88.5954918089836,50.27417451360178,0,0.3975432562397208,0.04393344128667209,0.07449096908285324,0.05214367835799727,0,1,1
2024-01-01 00:00:14.300,3092.3169292661523,61.88364680207313,44.87906395817001,86.9858967210802,23.116528560047783,13.37776196781252,89.91519757158073,36.55303632609504,0,0.40081410274285506,0.05583634654838278,0.0860943432222587,0.060266040255581084,0,1,1
2024-01-01 00:00:14.400,3129.941397124212,57.40392263574196,35.535954907303896,92.16131475317076,4.810891749099323,13.772388694088114,89.64995713948912,52.47781423308802,0,0.407668094451227,0.04011670506174775,0.09007800798608773,0.06305460559026141,0,1,1
2024-01-01 00:00:14.500,3390.9114358886554,60.23368571372201,69.79726877204165,92.350220936841,-6.307301368290634,13.537043942749378,87.94816092587874,53.80601593465226,0,0.4476369313309544,0.1644873133015567,0.2213282250011084,0.15492975750077587,0,1,1
2024-01-01 00:00:14.600,2381.524644560959,43.55587369657197,7.981920430469685,86.46187052588986,23.883757292301684,13.462714266851268,88.43560643130135,54.7171138508592,0,0.42736589817074583,0.07822677248806707,0.14317023678219182,0.10021916574753427,0,1,1
2024-01-01 00:00:14.700,2339.771693457862,38.39923676108559,23.43005950439508,86.43913067911978,19.05175768719128,13.436584731054609,87.48467020518126,28.78537549564041,0,0.4858664821677889,0.16642256306929798,0.288355330337476,0.2018487312362332,0,1,1
2024-01-01 00:00:14.800,3260.970782808449,83.91757594837458,37.93490479701905,89.44667315721335,14.85217325085258,13.723983409380647,85.19292333430926,60.93111529483551,0,0.41396687592522186,0.05814573554141832,0.10997662263456695,0.07698363584419686,0,1,1
2024-01-01 00:00:14.900,3148.492336616593,47.29557977522508,7.136223776916651,85.51678886342395,22.435302041863444,13.59767334503612,88.58326978286433,44.09810636252127,0,0.4139946272464547,0.09935335830949109,0.13062838744265312,0.09143987120985718,0,1,1
2024-01-01 00:00:15.000,3125.2464251729384,45.1291147581554,36.48291191135858,94.20991847726064,19.39596270803092,10.351647734113904,91.77237150965412,24.058764220962004,1,0.567149336755914,0.948141410186546,0.8196690105182792,0.8737683073627953,1,-1,-1
2024-01-01 00:00:15.100,3173.224104748488,27.69914829594428,73.22940331456036,88.15396399776277,31.277802506338983,13.244332607100803,86.14046962652579,55.92859024545829,0,0.4580173506583838,0.13325120684950723,0.22364721504759688,0.1565530505333178,0,1,1
2024-01-01 00:00:15.200,2659.9876392107544,50.41557378465747,40.41772976591923,75.46505890339179,20.86110868258978,13.655430510608992,86.28176840862243,42.986423315045656,0,0.42852643352750824,0.1611155638129853,0.18662000161683098,0.13063400113178167,0,1,1
2024-01-01 00:00:15.300,3116.1268485805017,40.15365309888752,44.61401811437367,88.12588971689097,12.530767149298324,13.341239697056546,86.00629220446027,55.2836796188124,0,0.40151088400714163,0.05408025294155099,0.08642031287470595,0.06049421901229416,0,1,1
2024-01-01 00:00:15.400,3146.5362366493405,84.63022740204553,14.796704696548396,84.80728089578014,29.90166238959289,13.239213903903408,89.11685122511392,46.91605407270114,0,0.44592836828653787,0.12404663636328885,0.19815554247969375,0.1387088797357856,0,1,1
2024-01-01 00:00:15.500,2642.824290986816,75.1472563401395,27.67277183921045,81.84362092269527,17.828689250537977,13.496739858889509,88.48455849598047,33.428982565294746,0,0.4431379286595934,0.14001406954590048,0.2013174657735381,0.14092222604147667,0,1,1
2024-01-01 00:00:15.600,3932.8872555723774,49.67774482233414,32.49607239352126,83.81286680888714,25.26536683672307,13.541205743822111,87.1904321226746,59.34193540422224,0,0.43167957343568686,0.06364026596955288,0.14333088085118245,0.1003316165958277,0,1,1
2024-01-01 00:00:15.700,3236.9164604558937,93.78653708016463,33.64569806487532,90.54704235916483,15.225892938071995,14.375452066518028,85.5913893041495,43.79964029587008,0,0.47398223062333295,0.2214044692190776,0.29531066461987077,0.20671746523390952,0,1,1
2024-01-01 00:00:15.800,2404.3482513986755,74.72648230487391,65.63287590007538,96.64320414124116,13.501731145025635,13.44475625529504,87.5321009306272,43.16405229809557,0,0.4207730168788398,0.07601730443770148,0.13067320796685752,0.09147124557680027,0,1,1
2024-01-01 00:00:15.900,3328.276804316915,55.12752924737066,51.15382121450249,91.5659223693249,20.841682301856963,13.160946381154597,84.13802301259567,46.77547305570622,0,0.3859697168465069,0.02514158481904852,0.04509632303581577,0.03156742612507103,0,1,1
2024-01-01 00:00:16.000,2512.659164886339,22.508914276896405,17.77084086125936,86.9674830589213,20.12828643543685,13.581903215248316,87.47404032090218,52.1778938026191,0,0.4559328592431041,0.10787893831690522,0.2073591441410048,0.14515140089870335,0,1,1
2024-01-01 00:00:16.100,3393.542301871226,94.36413858886112,44.9300955686401,92.27952097585352,24.79827035366833,12.87760798873609,88.85015587928298,49.54183671342318,0,0.4486007890435391,0.18051002423654164,0.2310050967597871,0.16170356773185096,0,1,1
2024-01-01 00:00:16.200,3579.297789503702,39.15641299854606,49.9644349699357,87.70454844890504,17.313542466902575,10.932161719213632,84.52462875375967,18.74536152451041,1,0.5868189565704821,0.8431934584409604,0.8011835288131073,0.8608284701691751,1,-1,-1
2024-01-01 00:00:16.300,2589.6588408241446,35.31901879564663,62.80298077042533,86.52699815418427,1.636402162296026,13.504807584688548,83.88191039328763,39.28408506777073,0,0.44985588232663287,0.1289360219948827,0.20738685798080306,0.14517080058656212,0,1,1
2024-01-01 00:00:16.400,8360.317093517757,75.3385564801446,93.39493915059944,84.22818665883509,15.672261164116112,13.738380114883563,90.02574265025659,44.06090903655412,1,0.5773568389701993,0.4595472883588076,0.5930101974580496,0.7151071382206347,1,-1,-1
2024-01-01 00:00:16.500,3206.390463468249,96.59628609508908,19.698116163442627,81.24085596624141,27.93818467143816,13.792086674828354,85.56326750777762,49.07202342142773,0,0.46822317324961427,0.17845687217393158,0.2638853932268025,0.18471977525876174,0,1,1
2024-01-01 00:00:16.600,3411.030079997245,80.76409227765777,23.782849775793235,88.05038146720277,17.026239207568935,13.348929114327683,88.97860239859436,65.18309834126964,0,0.42872401668518123,0.06634352447190263,0.13957539952657325,0.09770277966860126,0,1,1
2024-01-01 00:00:16.700,3948.396491326974,68.4586368007854,14.848442821707676,90.79026744960066,17.53616597485452,13.45481579561102,86.31863129623096,49.089499692689934,0,0.41221398846367674,0.07054514617128652,0.11314739267648191,0.07920317487353733,0,1,1
2024-01-01 00:00:16.800,2877.305941998565,68.92131512497929,35.31960281786037,89.51688164992555,29.86376505905937,13.2701637508168,86.2226369126639,58.68177810929305,0,0.3963497941015703,0.04711293248332825,0.07401844905000923,0.05181291433500646,0,1,1
2024-01-01 00:00:16.900,2623.1319178212552,72.80123338170462,49.32716748892669,87.92016536026321,12.880267727410772,13.161581233557692,87.34329186545976,50.30844135027454,0,0.3939545336345184,0.019205060570133072,0.0559255771514963,0.03914790400604741,0,1,1
2024-01-01 00:00:17.000,2555.2427851872385,71.38392884680148,59.746690331782034,85.2712696965161,4.571967817571004,13.59296843381419,84.61838867289352,46.13073090049945,0,0.4045809718441841,0.0631323514182201,0.09625137886105704,0.06737596520273993,0,1,1
2024-01-01 00:00:17.100,2592.0948575172806,64.21787135954064,38.48097952714954,93.04123095842483,18.393688804745057,13.11792433542102,86.57130059329761,48.02620460708447,0,0.3957996009586314,0.03218968084392597,0.06560610651050691,0.04592427455735484,0,1,1
2024-01-01 00:00:17.200,2961.449145292948,61.56301655927814,33.60304953490312,83.41434040026708,15.15826048751263,13.37561192982844,85.46324739657804,48.65264230376895,0,0.3840761302166371,0.03962007783048887,0.04906351046098648,0.034344457322690536,0,1,1
2024-01-01 00:00:17.300,3170.575987408322,59.06110308150716,43.03515984497481,93.88013956921738,10.33753680246746,13.201447812030228,83.50515925933608,54.82916591168591,0,0.39564712772234184,0.023222234868075876,0.06085891449007376,0.04260124014305163,0,1,1
2024-01-01 00:00:17.400,3138.3453996650096,48.690531166999854,23.29714196739954,84.98891490536637,18.24621544101309,13.664904955887078,86.74103021551888,60.99689014061244,0,0.40388639498739753,0.06421764056240652,0.09559381612520979,0.06691567128764685,0,1,1
2024-01-01 00:00:17.500,3413.591624518012,55.78987384699839,81.79077443389546,86.23782381323483,24.915056472467835,14.040429029779949,85.45937037223015,52.87744678149057,0,0.4588892129507319,0.19061461373233782,0.2538354695417424,0.17768482867921967,0,1,1
2024-01-01 00:00:17.600,3006.500945938953,34.605647787069216,7.846779457638824,82.66607404692161,19.907114384321844,13.109523605159,85.5918562490165,59.496621429934045,0,0.4659476739970189,0.1768672127439269,0.25915857124126424,0.18141099986888495,0,1,1
2024-01-01 00:00:17.700,3726.7670385786582,58.52490559807875,43.69481157791449,87.49298926557182,23.06981072686238,12.94409445513073,83.40550393899751,42.28168209896251,0,0.4175109742884563,0.07074510423673892,0.12240039924653484,0.08568027947257438,0,1,1
2024-01-01 00:00:17.800,2867.671583381022,45.17113339273624,80.47212438459279,94.87656229238988,38.13407698515423,13.46253393439498,88.92854648127135,46.68295592948776,0,0.45711923977022745,0.12555275823994277,0.21824608292905154,0.15277225805033606,0,1,1
2024-01-01 00:00:17.900,4360.084583294809,43.44616024176344,40.13599689119996,92.57814044221978,16.57121138442436,13.504709338787327,87.4190940384379,44.20557972633867,0,0.4155927110093881,0.12197039324277215,0.1446983441830514,0.10128884092813596,0,1,1
2024-01-01 00:00:18.000,3312.8336738825037,62.698412267302174,36.19921929997011,94.89211056014018,22.783486346446697,13.565597792027187,87.51389735392955,52.51555672699882,0,0.3876981261810497,0.025183614357267344,0.04810397563220339,0.03367278294254237,0,1,1
2024-01-01 00:00:18.100,2571.421221791859,80.880034295169,32.851091543791455,92.61071272966969,14.907866374008655,13.366103845429697,84.89461610062214,47.12833291856469,0,0.3970187049748693,0.042488882706200035,0.07286228144440811,0.05100359701108567,0,1,1
2024-01-01 00:00:18.200,2464.553750969444,73.7747490900347,36.39216636475184,84.48165085734816,11.53640280113027,13.439808210352371,81.96705964641859,55.838183496273565,0,0.3945704381904946,0.03346645460119681,0.06412053817446486,0.044884376722125405,0,1,1
2024-01-01 00:00:18.300,3241.2362076215927,36.442490945652345,67.45696949353061,88.34605387836221,14.150923465822302,13.61025312316218,89.25118011032437,42.55198630694047,0,0.4230833091990032,0.10046891193746338,0.14689112533101467,0.10282378773171026,0,1,1
2024-01-01 00:00:18.400,2888.2686073370746,45.15557795144494,-4.2372382265901365,86.09900435441268,15.212414284783115,13.812129267793452,85.14307024925354,50.34424778657025,0,0.4434452573269152,0.15088310462618956,0.20728303773747347,0.14509812641623143,0,1,1
2024-01-01 00:00:18.500,3357.000247046046,74.11156781982324,70.6686740259265,96.6528745201952,23.594757975471254,12.913485368904515,83.68758559314509,55.494863288098045,0,0.44346259141254196,0.14961757956547947,0.20668022797050584,0.14467615957935406,0,1,1
2024-01-01 00:00:18.600,7810.204254094241,45.26268909692536,98.33539631543772,84.01605676786845,43.49075786700757,13.38931816829056,85.93870825407134,33.47757779967512,1,0.6067714373423579,0.6468175728927547,0.7374728551849081,0.8162309986294356,1,-1,-1
2024-01-01 00:00:18.700,2963.585543671564,56.63050275004463,34.6669534153117,94.46848844694556,12.839565637241597,13.56414263818232,87.35926660103162,66.97305045864162,0,0.4251513023212189,0.0932938446109249,0.14687701976832565,0.10281391383782795,0,1,1
2024-01-01 00:00:18.800,2576.6031409657976,68.25078148536828,31.41511159402676,94.46476935054385,15.833746943845377,13.22460716861678,84.89884383277402,47.734784920961,0,0.3985056294591552,0.02639264312959501,0.0673835211372895,0.04716846479610265,0,1,1
2024-01-01 00:00:18.900,2242.576387657068,45.47483317704547,51.7710653954144,99.14810100858044,19.36876986888752,14.01935088953019,87.42201520074362,33.79968069059062,0,0.47668877470025206,0.18171153353323466,0.28014102116094886,0.1960987148126642,0,1,1
2024-01-01 00:00:19.000,2776.742523966489,61.5806325921894,8.03751296232505,87.95156703685251,23.95798848709747,13.309377035931378,86.95078466181853,51.26475118861429,0,0.4094878409391797,0.04093284934138581,0.09363054572694095,0.06554138200885866,0,1,1
2024-01-01 00:00:19.100,8727.246001839907,39.98961757622693,98.72948730409,93.5616107979008,22.63550811954785,13.487612193897816,82.5519423299006,50.26754774378521,1,0.5653493740925398,0.26488283855690503,0.47492944493888933,0.3324506114572225,0,-1,1
2024-01-01 00:00:19.200,3107.046872065102,50.9794853407318,80.48619246573705,101.4082591826942,32.84095793948117,13.666806629052688,83.27704441330567,49.34484496342006,0,0.45665857086232065,0.1515480338969761,0.23044769914468488,0.1613133894012794,0,1,1
2024-01-01 00:00:19.300,2377.130610644006,64.79672901213806,12.73651990814379,86.91179161533152,-4.263920705352081,13.322614563359432,86.45961887110408,57.92952890341333,0,0.47120956807251807,0.14896235702406194,0.254298533462165,0.17800897342351552,0,1,1
2024-01-01 00:00:19.400,3086.590462925591,36.105093997024966,43.79412335220791,82.3247987623382,-3.869298701956726,12.946028085658677,79.0392393368436,55.97955977141645,0,0.48923798118748135,0.23566948070985613,0.3288046350992249,0.23016324456945741,0,1,1
2024-01-01 00:00:19.500,3192.658689864418,66.60712106940599,26.760356444067817,80.59994983046118,15.041218279898509,13.37140364192504,84.08547299805441,52.38300952819076,0,0.3997027792966578,0.03614156702879862,0.0743266209483913,0.05202863466387391,0,1,1
2024-01-01 00:00:19.600,2558.0712818994334,59.70543301609978,48.51774412386072,93.56356014430666,30.973001875437088,13.808832166778112,81.44264190105497,53.60124507157318,0,0.3994024925638491,0.04429112896074916,0.07788251573543166,0.05451776101480216,0,1,1
2024-01-01 00:00:19.700,3076.862552972764,68.28734931625722,40.38295554831504,80.58424895970708,4.343519683944038,13.39893146196446,83.27111662135718,49.16513240449531,0,0.41083244103625594,0.05544160606196731,0.10320835143296053,0.07224584600307236,0,1,1
2024-01-01 00:00:19.800,3029.104359223,63.35871201096992,27.170261819113808,88.13840473531039,-10.076323396937571,13.246069709562306,83.54650396608574,64.20392679392039,0,0.4597099156189162,0.21351849671540335,0.2667055598390937,0.1866938918873656,0,1,1
2024-01-01 00:00:19.900,2428.5148510846884,80.46210644960766,49.75744569742148,92.1865659351948,25.711794062192087,13.777701662850816,83.34757530824905,38.166431853137865,0,0.4387012284817973,0.07708020329535034,0.1621840520788309,0.11352883645518162,0,1,1
2024-01-01 00:00:20.000,3178.893680174141,61.87836753971861,76.08696219573486,90.92587768414955,22.436572237027143,13.400767531193084,82.87946147975877,51.11721339372717,0,0.4035602133895106,0.05332282380839003,0.08958277604398554,0.06270794323078988,0,1,1
2024-01-01 00:00:20.100,3280.3922631841174,53.558916883121206,36.18192416545403,92.12722432092086,9.0979159320057,13.346951755904934,81.70961660464629,50.52019704951024,0,0.38200268384745095,0.023163633038979073,0.03725243692269131,0.026076705845883917,0,1,1
2024-01-01 00:00:20.200,3541.5256215876384,61.83446254548426,54.39515884296364,91.11144927900428,10.1446039927907,13.544836826898992,88.4076463574612,56.506243248516746,0,0.3951903721744856,0.042167857773988945,0.0695424664951765,0.048679726546623545,0,1,1
2024-01-01 00:00:20.300,3526.9010260174514,68.14947043554582,14.134540842576726,96.39432906656695,10.302562803653256,13.731225062885636,87.47866775206646,43.24916898060081,0,0.4184143605510003,0.1085792901431249,0.14287851569713392,0.10001496098799374,0,1,1
2024-01-01 00:00:20.400,2311.1653160214546,60.732901054885566,20.871272463639823,85.23841809630602,21.105353174739403,14.214514059519765,81.33953202315111,36.05061918082771,0,0.4479622906428599,0.16472471623015783,0.2220091372849029,0.15540639609943202,0,1,1
2024-01-01 00:00:20.500,2531.0874800424385,60.60887536805824,49.44812555760755,86.61502430770734,13.73684723816993,13.748170832297228,86.74781708619072,51.254584128785545,0,0.3913815908116459,0.03743501178799096,0.06059458720779912,0.04241621104545938,0,1,1
2024-01-01 00:00:20.600,3257.51763360433,49.47012468289867,69.6823205707193,86.13670277364588,24.9406391897552,13.847951989916504,82.7045725225578,52.24984393774884,0,0.42214600059794666,0.09085861634179387,0.14046633728488817,0.09832643609942171,0,1,1
2024-01-01 00:00:20.700,3256.8929754561045,50.05648623673578,47.1122669757132,94.15095905931304,-8.54626662904391,13.348210140303644,83.68179837008685,61.9167952755812,0,0.4586172315523225,0.15467591738718078,0.23539614593188107,0.16477730215231673,0,1,1
2024-01-01 00:00:20.800,3257.523843153024,38.96092092300459,33.73883938953691,94.50199294197532,11.431481348722007,13.192239568209157,83.21679542354951,39.83710362939931,0,0.4278772575574521,0.07630326093515093,0.1430920941968617,0.10016446593780318,0,1,1
2024-01-01 00:00:20.900,4926.365745327361,86.24365114780409,39.98582810846708,92.25612659659254,8.739460390889498,13.518699404885735,81.94376598075534,59.23755013373376,0,0.4670234292518909,0.2720673025216872,0.30861748791062094,0.21603224153743464,0,1,1
2024-01-01 00:00:21.000,3285.4452553465835,41.34205146913072,14.991845320605648,95.91746833444964,17.436593216275078,13.53215097457788,85.15088787039548,68.93931491221697,0,0.45055583735035554,0.14849665934921338,0.21837667727189358,0.1528636740903255,0,1,1
2024-01-01 00:00:21.100,3567.7828200902995,49.60642203306139,52.09030652710734,84.10979566311809,14.619522415098617,13.176446177590622,83.35487616425642,46.977880899820185,0,0.40298755652816576,0.05312314527116861,0.08849340344553126,0.06194538241187188,0,1,1
2024-01-01 00:00:21.200,3477.0008817466014,49.22389101646204,57.64666124646818,98.33612055775568,27.978437798957664,13.447411641028795,82.06992017658455,39.67246224405421,0,0.41940583726284664,0.09526419880689484,0.13793421109598464,0.09655394776718924,0,1,1
2024-01-01 00:00:21.300,3325.6956256528997,73.42386565416662,30.958193343338397,97.61619310856128,1.406632283399425,13.61979528051574,80.333764055342,46.74420506901304,0,0.433694575561421,0.10446059537955077,0.16722290685517477,0.11705603479862232,0,1,1
2024-01-01 00:00:21.400,2842.365377679828,55.57575482561958,30.59915704480997,93.67810998622872,20.45491476330752,13.608118018505424,81.07567283542463,50.11203973897105,0,0.3728032211805517,0.01455459507988093,0.01705153122357945,0.011936071856505612,0,1,1
2024-01-01 00:00:21.500,3379.4846102466336,78.716131090106,45.31756459304097,98.9089945438553,25.583364232117056,13.651286356015282,79.5000225515786,54.51030300005532,0,0.41228100858761213,0.07390626746468858,0.1149437620227392,0.08046063341591744,0,1,1
2024-01-01 00:00:21.600,2613.587392731214,49.897640636341976,31.26560527918809,81.71688396161113,38.56647436561955,13.587289419041232,82.72714979953305,45.26884216129562,0,0.4330101324302727,0.11334093644857181,0.1704803808459589,0.11933626659217123,0,1,1
2024-01-01 00:00:21.700,2881.590696629996,64.18491243335703,38.67734770748355,87.37775931868674,15.182340289065248,13.347897402218983,80.22929143805383,62.44158827317874,0,0.3988909883025177,0.033469959717131514,0.07158806758362726,0.05011164730853908,0,1,1
2024-01-01 00:00:21.800,2757.3182260854483,47.46979420110364,81.99443578333032,86.32348269659023,23.24458604352517,13.345829812005348,82.01142151750547,41.08374147993551,0,0.4405874418160615,0.08440537849305299,0.16910595793166522,0.11837417055216565,0,1,1
2024-01-01 00:00:21.900,3040.937069693161,92.17723691660083,35.059485985080066,93.60739661878672,1.9613720743763492,13.140314580601837,85.20266616968321,36.0863587826176,0,0.4677009132356598,0.20090844587400278,0.2742087309392536,0.1919461116574775,0,1,1
2024-01-01 00:00:22.000,4157.329283336754,42.18602371455731,32.83319695957556,84.74929630198928,-3.919562043130238,14.035432511755529,84.78098152822557,58.85368339429854,0,0.5037517000788359,0.2886056580799887,0.3803519807572161,0.2662463865300512,0,1,1
2024-01-01 00:00:22.100,2066.367403704126,64.64731065340541,27.049163887296817,93.78747574668743,28.447743757817,13.504035109385788,82.23774851409708,31.803031750350403,0,0.44896318876434577,0.11223476429381238,0.1974936822879138,0.13824557760153966,0,1,1
2024-01-01 00:00:22.200,3343.1300951872568,69.50665321398148,54.88383942999874,96.85268071998355,19.944397063519293,13.432544083261543,82.04805276993594,48.36696184901827,0,0.3875713825362393,0.046668361314375434,0.058627340015867294,0.041039138011107104,0,1,1
2024-01-01 00:00:22.300,2193.642064405174,66.20698646177247,36.37551653563794,93.47601450042,31.785126897984227,13.221362375564262,85.90189124098417,74.94144903366438,0,0.4698023854113631,0.2171192389849876,0.2859454063634106,0.2001617844543874,0,1,1
2024-01-01 00:00:22.400,2764.034067105283,57.220685116834375,27.01253923357148,91.4187551183075,6.265971110302509,14.380697370698334,83.10357430277949,49.90365157632055,0,0.44687178623028234,0.15630050535450835,0.21591267397864564,0.15113887178505195,0,1,1
2024-01-01 00:00:22.500,3544.475298483683,58.05268950399861,66.42608064546025,85.06063329549626,25.199021395287524,13.178001590333132,81.32636906222895,41.03385879443,0,0.40801869976346417,0.05649025629295434,0.09887061872826955,0.06920943310978868,0,1,1
2024-01-01 00:00:22.600,3032.140009547732,60.657172079686646,68.39206009027274,85.76574516937318,38.688178405438535,13.371345622318175,79.04986566766101,49.54082028970565,0,0.41367666245204066,0.08261414745195456,0.12170934869171939,0.08519654408420356,0,1,1
2024-01-01 00:00:22.700,2461.127611035347,57.79496997557267,27.991528685225894,96.24809452648331,24.197056083572654,13.624751050885818,82.60956825815131,49.59359369104373,0,0.40513543012740433,0.03565705533846423,0.08347181757135927,0.058430272299951486,0,1,1
2024-01-01 00:00:22.800,2642.348145370016,74.45818675192365,2.669200972787678,93.89674501952666,22.765815055910487,13.680063889723284,83.40038928690747,51.28519952282493,0,0.4253592798169687,0.06812709459210108,0.13465302343363794,0.09425711640354656,0,1,1
2024-01-01 00:00:22.900,3339.798874467338,93.15784502387028,60.150273796738446,89.80490240311228,20.0855608082435,13.787379616564705,80.39835861263438,55.29810385727696,0,0.42662646277872784,0.07902987407921677,0.1422940661095397,0.09960584627667779,0,1,1
2024-01-01 00:00:23.000,2634.816684141432,51.637623224882496,26.30740348479992,87.91045227117054,4.291185428740878,14.04228255233078,82.16398709185765,41.687110653058085,0,0.43306224492429346,0.12252246063356009,0.17516119171498165,0.12261283420048714,0,1,1
2024-01-01 00:00:23.100,3108.2292947909878,39.45295530631383,55.812511983255376,79.87096063444312,33.55572935710348,13.651847296638216,80.77435491167145,63.50038444189435,0,0.4608561907296299,0.15571706336548025,0.23978557107256515,0.1678498997507956,0,1,1
2024-01-01 00:00:23.200,3022.785919951907,58.67576927473118,0.5979236457632879,84.6457379065778,13.891423601949342,13.18319076001,81.05335662302342,51.960914274980944,0,0.42964131782740095,0.07477369942829803,0.1453755549835224,0.10176288848846567,0,1,1
2024-01-01 00:00:23.300,2674.199826197092,98.69564006481475,57.851946765986185,99.5570954356986,25.04483256383017,13.422916462463466,76.36569722621668,55.81435237121443,0,0.45469945996510486,0.17031773985590734,0.23644726913792702,0.1655130883965489,0,1,1
2024-01-01 00:00:23.400,4071.972044662663,47.94488148045404,15.776561414384377,83.59772214498767,4.369656934287464,13.592349711754164,80.817698453829,44.97480480195486,0,0.44569555750820206,0.1831758274719589,0.22731784821570877,0.15912249375099613,0,1,1
2024-01-01 00:00:23.500,3316.9595111590056,84.58675208166102,54.61528238133049,90.9473991061054,8.205403354922197,14.120467812451746,83.1199197859973,60.29105709596427,0,0.4534186703784972,0.1253269409529327,0.21173870492754987,0.1482170934492849,0,1,1
2024-01-01 00:00:23.600,1987.4287066711963,85.1655122111466,40.28546135672868,95.037219865976,34.350873992222354,13.08065835647271,79.83829598996799,47.94358072949548,0,0.45090983826175285,0.14464875721693526,0.21706442882257115,0.1519451001757998,0,1,1
2024-01-01 00:00:23.700,3093.227157384714,51.69617637438008,20.921211612067104,83.72538665998854,16.52697711042157,13.860772951567569,81.12607375745166,52.22042010794826,0,0.39792173945204756,0.05617273251309212,0.08126462197103776,0.05688523537972643,0,1,1
2024-01-01 00:00:23.800,2669.106767615806,68.53474618777913,31.859273741464392,90.92355237390542,34.53275476042545,13.553974310863923,79.42903952755711,42.53515138250312,0,0.4019382572420096,0.06078165169465694,0.09050949997179679,0.06335664998025775,0,1,1
2024-01-01 00:00:23.900,3426.216667398112,84.42594934692806,53.726369139134015,94.68957768755328,19.21769340941482,13.751349160568845,81.58174421344641,42.02454698878299,0,0.4228320705898749,0.07151865379135229,0.13198186371846207,0.09238730460292345,0,1,1
2024-01-01 00:00:24.000,2603.73963078365,54.313083885187694,42.11788906230469,90.06249660953625,1.5810222704214247,13.46940158500922,80.34773438570843,55.50564245162306,0,0.4022971540920417,0.03382008867238648,0.07764888110788562,0.05435421677551993,0,1,1
2024-01-01 00:00:24.100,2942.6317792665504,56.946294598464576,51.68825960944969,104.34201527833385,28.920675997317204,13.2472702109621,78.8222176193367,46.45114535834091,0,0.42205408707079484,0.09547288521608457,0.14261464799229312,0.09983025359460518,0,1,1
2024-01-01 00:00:24.200,3252.4936394902284,51.27478629077034,79.52881169030971,81.65700370560903,14.101076822443922,13.7252618338204,83.28572355595088,43.16941529996498,0,0.44270016982937554,0.11823436443789469,0.18967117951171825,0.13276982565820275,0,1,1
2024-01-01 00:00:24.300,3432.8775970850606,44.778649039607,8.715167765778972,95.2936426494194,26.986888135170435,13.696329308131686,82.39840456760498,44.85453326378376,0,0.4240037545595781,0.1273285716604232,0.16191145628323467,0.11333801939826425,0,1,1
2024-01-01 00:00:24.400,2399.851796472112,50.26083682400989,72.34425149937248,89.13599131301768,20.25210867540082,13.791617089721916,79.25064693260411,55.59162457373937,0,0.4211087671879184,0.09384797212531727,0.14016870795162173,0.09811809556613521,0,1,1
2024-01-01 00:00:24.500,2832.7493820795257,41.64089599856615,42.087118750464256,93.85960077418338,4.568817720571296,13.49600860938641,81.37595699921594,44.96769711037111,0,0.400848353477314,0.051253588723386874,0.0838621485186763,0.0587035039630734,0,1,1
2024-01-01 00:00:24.600,2762.527344419522,60.51125202388839,22.02431903353744,92.20653575849624,21.64294765370569,13.320053393004043,81.37512430594107,49.058760547182686,0,0.37688606445554557,0.017296083716822116,0.02547730233706008,0.017834111635942056,0,1,1
2024-01-01 00:00:24.700,2673.335383713144,48.45040153412037,13.393727485220204,86.33421901445001,41.96223142152799,13.032363901492849,81.50482269024258,50.12022200229678,0,0.4589706400634183,0.1494391614400658,0.233388446925757,0.16337191284802988,0,1,1
2024-01-01 00:00:24.800,3882.727120140548,63.50678867686121,36.21759218445933,91.1449819622967,24.929864585144596,13.745811980441822,76.75162834814999,34.66120891191761,0,0.4224634743522366,0.1181891944791543,0.1546802111735995,0.10827614782151965,0,1,1
2024-01-01 00:00:24.900,3202.490855480478,36.66156530694559,58.43300223848919,80.71049274300856,19.42482246994537,13.627166844733196,82.07327314212532,38.23098875701186,0,0.4386668496840011,0.09985387015017534,0.17351148000784525,0.12145803600549167,0,1,1
2024-01-01 00:00:25.000,2369.558022832477,64.96320348321686,37.44901759244932,93.01623750285697,30.753434019568974,13.210265210140811,78.84058205412852,52.6902231139805,0,0.4126900488228746,0.0398540092293761,0.09862444176979945,0.06903710923885961,0,1,1
2024-01-01 00:00:25.100,3458.930973527388,72.50293442413387,70.22309860494695,91.49079232995264,22.10668465203111,13.338427898011012,79.18424403301738,44.103765110778426,0,0.3983605637177323,0.04413446781286512,0.07600376436824755,0.05320263505777328,0,1,1
2024-01-01 00:00:25.200,4061.078098506317,30.093965361428168,10.97648619896882,93.19330084321552,22.095342302627945,13.359972356414568,85.09558332434023,58.45379929024335,0,0.4625140930507823,0.17503888330214784,0.252311284931579,0.1766178994521053,0,1,1
2024-01-01 00:00:25.300,3516.2326302755737,65.61084854771359,39.75822104307891,95.29059162543577,9.083748278408974,13.055104670405274,80.34348650118177,57.73445683400436,0,0.41927013731064855,0.08841259953769715,0.13427392614457173,0.0939917483012002,0,1,1
2024-01-01 00:00:25.400,2240.3150170229933,78.41503488709938,14.952131111737618,91.83809920104856,22.338480257895984,13.25469528101846,78.88701470876532,55.7533493308435,0,0.41921148279433057,0.056374644301513344,0.11815359533792956,0.08270751673655069,0,1,1
2024-01-01 00:00:25.500,2757.8829635668744,41.85538471963192,47.27263765249936,90.74044709899138,30.354434164169447,13.159850892958094,75.16899083406777,64.55817429850077,0,0.43370258638236725,0.07268834336321066,0.15135062329762533,0.10594543630833772,0,1,1
2024-01-01 00:00:25.600,3633.455574593311,85.08858580256555,57.73774780194601,85.59465831669354,11.639378478999753,13.37625629643362,82.27902776739222,49.335285378054536,0,0.41353573257582865,0.06940961330182406,0.11486355915303603,0.08040449140712522,0,1,1
2024-01-01 00:00:25.700,2646.165267190609,66.28528514049067,31.584764126378936,86.43889618175474,34.24495821246948,13.278390750501131,76.72900007780223,55.19105540723072,0,0.4072644066513454,0.0431731498473859,0.09090867035684409,0.06363606924979086,0,1,1
2024-01-01 00:00:25.800,3221.909714073114,49.424822163623865,-12.08427713254268,95.93367310088664,19.08293975854874,13.011898523739976,77.33246153234035,45.32479218723175,0,0.4723280691758828,0.1865807340377928,0.27504045725250725,0.19252832007675508,0,1,1
2024-01-01 00:00:25.900,3387.3170267146684,59.16346383513441,43.97896293592989,97.18167702852988,11.122304884614593,14.106777069170844,78.59655466108357,69.61895930294979,0,0.4570603839127765,0.19497543872584708,0.2528557220722081,0.17699900545054564,0,1,1
2024-01-01 00:00:26.000,2536.5347642109587,68.37490368782584,48.73477103467019,88.80944781843974,29.976320769202445,10.910221701410311,82.01200276257977,18.041100073428368,1,0.5845862337897952,0.871905482910618,0.8116814651967148,0.8681770256377004,1,-1,-1
2024-01-01 00:00:26.100,2970.2373219691,61.14008087118617,48.08589509923395,90.23001373626636,17.13205764261731,13.266294173544004,80.64557907243062,50.09504347614234,0,0.37658396081340856,0.007764068776654941,0.020189269124964652,0.014132488387475255,0,1,1
2024-01-01 00:00:26.200,1379.3663299654638,68.08133988669553,64.71564383644308,85.47692812503116,27.59514887486108,13.581726418996084,78.7033439993385,53.09268983924154,0,0.4309149897937335,0.17909682515490366,0.1997379835782052,0.13981658850474363,0,1,1
2024-01-01 00:00:26.300,2487.806179332855,46.1898961038095,18.578926407019026,95.86378422633724,17.08241367741463,13.62523952694639,79.5555230662166,60.87438079491845,0,0.4205931408623196,0.08093976470472761,0.13282361791187547,0.09297653253831283,0,1,1
2024-01-01 00:00:26.400,2873.71592430342,62.54041236054117,53.60432210900899,93.3270841184589,19.401738564700963,13.857325756432044,77.65808747311665,48.82288396148714,0,0.3848461418733747,0.017375739520107434,0.039271897612971625,0.027490328329080136,0,1,1
2024-01-01 00:00:26.500,2376.1084090175755,38.79428254642529,63.8501502495595,99.70608718231874,24.93560204334292,13.254418492001976,79.05808615790949,44.74700743360236,0,0.43657684835248356,0.10079622951857067,0.17037120208705192,0.11925984146093634,0,1,1
2024-01-01 00:00:26.600,3816.2056519658177,58.33160907976949,4.428248319869667,85.60838461410131,22.90897057590006,13.827632035194728,78.84537218825498,56.99191800805506,0,0.44126574677885083,0.09816448435479663,0.17715760084134574,0.12401032058894201,0,1,1
2024-01-01 00:00:26.700,2284.929311019684,46.44138537802815,46.393036518379546,88.10996050490891,0.0446821954826148,13.33562840873792,80.55615840998134,50.62751396866936,0,0.41830387433737043,0.08659788153707873,0.13169689463705286,0.092187826245937,0,1,1
2024-01-01 00:00:26.800,2779.977756651508,48.9670508611535,29.91640337984657,91.15722961262786,8.787562599056082,13.099241278749416,80.47289478341645,51.46395559716208,0,0.40301496342403975,0.03900563320256435,0.0814820056789205,0.057037403975244344,0,1,1
2024-01-01 00:00:26.900,3065.3702886430456,78.54139762815656,38.36954653796708,93.23244768862884,29.29409984790816,13.71724096779435,79.44641322286975,43.32582925545628,0,0.4003705552114312,0.05122935171394817,0.08302440940072939,0.05811708658051057,0,1,1
2024-01-01 00:00:27.000,3720.6366445330577,76.36965180891403,46.95352967076673,88.92166181226183,18.67863411098453,13.887227527236728,77.65368326328618,36.25862281309283,0,0.4181645562235915,0.11049938287257192,0.14340690791677368,0.10038483554174157,0,1,1
2024-01-01 00:00:27.100,2282.0689244102805,69.13707181360766,30.255428717728957,85.6351945477315,14.76268697228578,14.276372692059203,79.78194288707856,51.88913927903281,0,0.44002175955534434,0.11080768791743233,0.18132963120799753,0.12693074184559827,0,1,1
2024-01-01 00:00:27.200,3581.58187607748,43.61530852991132,26.485838416767763,94.40703764461786,6.414259847425257,13.140082420472936,78.03428128581213,57.2396963319536,0,0.4323984426989191,0.08852165655210043,0.1570137599767647,0.10990963198373528,0,1,1
2024-01-01 00:00:27.300,3005.1165305097934,55.25387325457797,40.68304834976049,93.6056768127279,9.202636787241516,13.709675905524236,75.97430940071187,48.19354600739167,0,0.37977239931479523,0.02434357238258305,0.03398854396039397,0.023791980772275775,0,1,1
2024-01-01 00:00:27.400,2509.2456744760248,78.19646549968775,18.255081222743947,85.41862949718137,-0.2179863996194733,13.37705962686194,77.25148247423618,61.49143615647093,0,0.44652415396072354,0.1129183840060597,0.19362091550356067,0.13553464085249245,0,1,1
2024-01-01 00:00:27.500,3231.0517371316355,62.12575370459857,18.283497422296293,96.77721400552748,18.98719281298467,13.73500761315721,78.14703194554663,44.36866939667564,0,0.3985381972508333,0.05986067382969829,0.08417381262322676,0.05892166883625873,0,1,1
2024-01-01 00:00:27.600,3099.529847786735,94.7899430997254,53.58746565913007,95.85099354598302,14.015624194189533,13.058853134630624,79.7183294652274,41.56236436027264,0,0.44479154008405897,0.14894632390008025,0.20864098230465772,0.1460486876132604,0,1,1
2024-01-01 00:00:27.700,2699.8915614206026,65.89976759091557,17.02411929682688,90.67148248623896,10.334121090146848,13.121169067290433,77.45076147350352,49.46215754243095,0,0.40258995208053405,0.03515450014336337,0.07882203270394392,0.055175422892760735,0,1,1
2024-01-01 00:00:27.800,3034.9010424950093,62.88073674735048,53.32625001818424,90.39798931188018,19.31876574832047,13.267237553050055,75.31934031525853,49.33925939718968,0,0.37184719218242046,0.013694314335068992,0.014969402336225488,0.010478581635357842,0,1,1
2024-01-01 00:00:27.900,2807.34320156912,55.36325303696248,49.25182585707903,92.77028885557954,23.63970630852738,13.523689213700424,77.7711410242513,56.15974985068178,0,0.3771270416535859,0.013710064738615652,0.024100693986735207,0.016870485790714644,0,1,1
2024-01-01 00:00:28.000,3056.758672625624,62.00311357173423,5.483865424188068,85.69148464871871,40.93197932209945,13.307675620038491,77.8044896576907,43.80029740748813,0,0.439571928281745,0.10823163566092299,0.17926431056346448,0.12548501739442514,0,1,1
2024-01-01 00:00:28.100,3331.0653372605234,57.712952454291845,26.448706953286894,90.1501573958204,4.881165804367864,13.697716303174026,77.86917275530301,60.94475389451918,0,0.40636175008543296,0.06143800225446286,0.09848133395616811,0.06893693376931767,0,1,1
2024-01-01 00:00:28.200,3793.008408072676,70.62163015032885,63.88218806094745,79.2380822769541,31.59381043300522,13.808068385477377,79.25716044932629,65.73533570006603,0,0.47626841530909764,0.16178804924971796,0.2694529110034765,0.18861703770243354,0,1,1
2024-01-01 00:00:28.300,2381.092250586576,74.35053475191876,20.376689377206368,94.38227822751467,29.73101561015072,13.679873262373606,79.37518381751714,49.68684778425327,0,0.4145344367594529,0.0671375684486143,0.11545326664090312,0.08081728664863218,0,1,1
2024-01-01 00:00:28.400,4066.516687328133,48.21015809238076,30.711914753812245,82.1925338877907,12.209072606232994,13.98563629189826,76.06883551249393,59.99768336147455,0,0.4578366680203988,0.14341682456598423,0.22841780990041805,0.15989246693029263,0,1,1
2024-01-01 00:00:28.500,2023.956100238749,40.03150569663333,49.24121786503793,97.517099142145,22.03235954586031,13.624747988836605,75.9448902610793,41.54802343499792,0,0.43330785869743343,0.11766533344310412,0.17315704111677926,0.12120992878174548,0,1,1
2024-01-01 00:00:28.600,2924.1074524822084,32.45691940345056,55.66781018565191,88.34939953016774,15.423667506623849,13.13493098689795,75.01669967518616,58.60177232945533,0,0.4260512652989799,0.07287445137291922,0.1382224313165915,0.09675570192161405,0,1,1
2024-01-01 00:00:28.700,3294.1586032422883,67.61986990368815,34.969222279110085,88.94166509034412,21.85688580418739,13.909012954061502,78.41464835757797,58.3782112684757,0,0.3906753518132476,0.03282456858805034,0.05706900648018417,0.039948304536128916,0,1,1
2024-01-01 00:00:28.800,3140.495933867516,43.44950090739189,28.049796106167168,86.86133046957747,35.09131013404551,13.3184531293182,79.83457715361237,56.90749824151903,0,0.4173169312627437,0.05786069705049062,0.1156228953115701,0.08093602671809907,0,1,1
2024-01-01 00:00:28.900,2688.650240089703,27.706641105712755,68.44739723397015,88.55980563038962,26.05606232631313,13.773125549905672,76.22669300103902,49.87549528903765,0,0.4324037070342466,0.0947808257193599,0.16015244116888314,0.11210670881821819,0,1,1
2024-01-01 00:00:29.000,2895.9388748213623,65.82867906796446,74.77799327595159,97.09265672574018,25.08608373233442,13.972120264966533,76.2939156473268,26.36600847006375,0,0.48651887185897497,0.3097106235730246,0.36112666978102337,0.25278866884671636,0,1,1
2024-01-01 00:00:29.100,2753.4995326705834,8.583988583496854,59.57716101563591,77.5609567173246,85.49816674964481,13.63700640321912,79.63026181049466,44.86618285078296,1,0.5776463006073025,0.6219391179526677,0.6747062930036256,0.7722944051025379,1,-1,-1
2024-01-01 00:00:29.200,2705.317621527894,59.9089363269016,41.70636285130048,96.38482693044094,5.1594333507566486,13.051152356050604,77.62773232304664,44.99267185852318,0,0.41190359210068433,0.07279418508822459,0.11373555682800168,0.07961488977960117,0,1,1
2024-01-01 00:00:29.300,3424.8010485105124,72.57736161677462,23.834685567181477,91.69011740550854,17.915317894595923,13.224536350047062,77.40900794613866,42.17396049551618,0,0.39144756646327655,0.05182070185961266,0.06790143612735519,0.04753100528914863,0,1,1
2024-01-01 00:00:29.400,3178.507742982524,61.22744037821347,23.39111186886869,83.96489176071393,32.06608154863915,13.89682334006554,74.07462344450902,50.97794403637653,0,0.39916893692904476,0.05694357038890505,0.08380515954226903,0.058663611679588314,0,1,1
2024-01-01 00:00:29.500,2653.545202369673,58.51665520213286,50.450282105315154,84.6234380347538,4.728321434103524,13.449263194307155,77.73383251493522,46.64829243583012,0,0.39409892936219837,0.04619000585706513,0.0696675611426319,0.04876729279984232,0,1,1
2024-01-01 00:00:29.600,3449.799937716625,73.78614724481653,48.36796441777368,98.38196513604102,9.44910631823305,13.523872060482647,74.43802361527679,43.40310392187983,0,0.4032665304703044,0.07573060767603387,0.10027919298435711,0.07019543508904998,0,1,1
2024-01-01 00:00:29.700,3153.649760438305,55.64588183717023,68.03197185892859,85.27246560028634,21.26267736234068,13.727647324849082,73.94817584434631,41.52959881401744,0,0.4033245755152958,0.054133404994997275,0.08958089168480293,0.06270662417936206,0,1,1
2024-01-01 00:00:29.800,3406.43105941948,64.01088471107855,53.00900185072278,84.2332474470202,10.153452151527375,13.708896858624096,75.44259298260272,44.27589611611817,0,0.3977668580480609,0.05524383938665252,0.08053254513607397,0.056372781595251775,0,1,1
2024-01-01 00:00:29.900,3314.8144209618063,64.8254670929402,9.93839396480364,95.68657271182364,12.074765528847871,13.58363994371564,74.88447060915868,58.97199369479942,0,0.4132863558164713,0.07622606766936313,0.11784087101607929,0.0824886097112555,0,1,1
2024-01-01 00:00:30.000,2585.502494538964,49.978643195354266,61.03895235445837,91.69276438142955,15.76401418271823,13.43739948863386,75.5327765872059,44.71179956298005,0,0.38814685380195796,0.04458263166090603,0.05857887172261442,0.04100521020583009,0,1,1
2024-01-01 00:00:30.100,2719.909479901515,74.88063524304785,20.03878745371174,85.31037211731801,6.343825958098506,13.406199466280292,73.01393262684607,45.88049034853382,0,0.40551692963979324,0.04289517640809747,0.08775009745428843,0.061425068218001894,0,1,1
2024-01-01 00:00:30.200,3373.646802561631,57.37560364956887,32.32057456095297,91.0831248770231,10.258781537836317,13.757369647587405,77.73344842875117,46.34641907981403,0,0.3808729241712024,0.036295135158784866,0.04186599823368266,0.02930619876357786,0,1,1
2024-01-01 00:00:30.300,3305.1851327167324,48.66382260760733,45.00400412503389,84.87123658179861,27.034279167873088,13.66607085932034,77.9911083247686,52.71194811047536,0,0.38797160922397905,0.04102965708410867,0.05649956722815405,0.03954969705970783,0,1,1
2024-01-01 00:00:30.400,2989.5492030179257,68.04764765355606,79.9133497956793,95.50410699211302,6.92630217769036,13.422809999814664,71.76097070737404,53.64999590822826,0,0.4146745906375743,0.12958210950207347,0.1469177187305712,0.10284240311139983,0,1,1
2024-01-01 00:00:30.500,3058.663691654391,46.52298027313444,102.19837112010724,95.30685482436569,4.021278655051624,13.824633693897942,77.53249118690869,25.642747686054705,0,0.5437151263270189,0.5138416494472424,0.5620255399321363,0.6934178779524953,1,-1,-1
2024-01-01 00:00:30.600,3638.832447894212,60.42271736053692,52.134461182723655,92.66003099410972,13.699750204661056,13.461289765461064,73.87443823585225,58.17308171062086,0,0.38778052698048093,0.03387813581769936,0.05259362239312454,0.03681553567518717,0,1,1
2024-01-01 00:00:30.700,2704.214305582085,59.86321505033695,36.33606762559224,91.80830530623508,27.31955502509846,13.244501347699682,77.129366489381,61.49094427395004,0,0.3960920238680849,0.035931104675782324,0.06798211616203631,0.04758748131342541,0,1,1
2024-01-01 00:00:30.800,3273.548690585019,76.28843348747367,50.69011296961101,98.80594062433688,18.030781920031103,13.272308790328996,75.19844235000251,41.59850770110664,0,0.41847274814461105,0.06432774135670283,0.12085363325829768,0.08459754328080837,0,1,1
2024-01-01 00:00:30.900,2898.903673783053,67.12047349319928,57.75310851747672,89.99843163694112,15.354189218843818,13.20637774910707,75.31280638341727,42.22161404212133,0,0.383532577106566,0.028348284076000936,0.042488370635195005,0.0297418594446365,0,1,1
2024-01-01 00:00:31.000,2891.15939838639,59.624595618822845,33.586647488856165,84.09062937289599,20.44358797515607,13.418276995018894,74.80497987633275,46.39797289777383,0,0.37504875876694915,0.02154584813045988,0.024427377187676548,0.01709916403137358,0,1,1
2024-01-01 00:00:31.100,3549.388425993595,72.26649448800431,75.90422711824644,92.24736956416152,2.5429256714034807,13.870117283500855,77.51935350356207,43.95196784434716,0,0.4392782534014565,0.18830798414086936,0.2187950237009882,0.1531565165906917,0,1,1
2024-01-01 00:00:31.200,3412.708174494015,80.8531132352597,44.60141518382804,100.43023524768556,24.947056537750324,13.258471445690848,72.53583898996497,51.79141499157285,0,0.4067629009701027,0.09674351779017372,0.11682726803513024,0.08177908762459117,0,1,1
2024-01-01 00:00:31.300,3406.754818000319,68.36715459527794,49.95486178182789,84.92620253407074,23.83435031403644,13.55654272830543,76.15061561240496,34.42779770912909,0,0.41463660044386,0.0709763467339095,0.11754919146773526,0.08228443402741469,0,1,1
2024-01-01 00:00:31.400,3652.739403577165,60.15528929765071,53.318485041089225,88.19268616653007,15.906915259042789,13.302993196311776,77.05751518463397,41.05657913570608,0,0.38950091753694394,0.023955765616772127,0.050605218919638,0.0354236532437466,0,1,1
2024-01-01 00:00:31.500,3010.5019208163794,40.32245651474761,48.43173221228911,92.08223019050726,30.059245117964167,13.421907287618568,76.20745493585561,62.31357760139926,0,0.4191089931996695,0.04770578131226191,0.11364206499628902,0.07954944549740231,0,1,1
2024-01-01 00:00:31.600,3340.976485647482,44.02329505386941,56.778810009392245,89.73047575497131,8.725039010469613,13.046987636404424,79.34409252334154,42.574240261215856,0,0.4127349511810936,0.08683495803999602,0.12219250606016198,0.08553475424211338,0,1,1
2024-01-01 00:00:31.700,2844.866621703272,55.42162943467999,27.654936269061537,85.08848209811343,31.27908993253569,13.43383853125304,73.55672108916522,59.9474262248234,0,0.3989285643227457,0.03599769533624909,0.07291686559297651,0.05104180591508355,0,1,1
2024-01-01 00:00:31.800,3162.083176244221,50.85731696761076,28.83396492107939,95.60928928115236,21.54493665595251,13.441888386058512,76.4491441797216,52.84270556472109,0,0.38898672729179856,0.027462777626216277,0.05147022009747842,0.03602915406823489,0,1,1
2024-01-01 00:00:31.900,2934.928472816158,57.19543045521831,17.9969153405661,101.6002036100863,16.634474101218267,13.662086383210708,74.24227318377163,35.525858283293935,0,0.44782272633795467,0.15212217999232203,0.21546670636731377,0.15082669445711963,0,1,1
2024-01-01 00:00:32.000,3048.497982496359,60.849748873456605,48.79002461240453,90.98065729511954,19.801263646316883,13.566984273976612,76.84118652707973,55.08263356172965,0,0.3748485174948564,0.004093290715485568,0.015355087760470253,0.010748561432329176,0,1,1
2024-01-01 00:00:32.100,3297.5785127184568,67.94539131535096,55.57873007024228,85.47965855132,18.927352341890582,13.140482362514389,74.27891630285156,49.05866158245718,0,0.3867278418336422,0.03590251776796681,0.051786806020329305,0.03625076421423051,0,1,1
2024-01-01 00:00:32.200,2590.889658383264,58.94251832911363,49.15545732303772,82.25519737473263,32.20282896417717,13.825259473213062,73.43846265048927,46.35626355000208,0,0.4075620377507696,0.07203161946574105,0.1058522024926731,0.07409654174487117,0,1,1
2024-01-01 00:00:32.300,4046.19363784273,67.29752465739303,73.48984866695075,91.28987990610592,9.233208725289863,13.5630909120666,76.74627854187739,51.95965674537603,0,0.4099658232097849,0.09618320876625366,0.12208166400706688,0.0854571648049468,0,1,1
2024-01-01 00:00:32.400,2496.991309250149,60.9671162221518,39.88807962341907,95.5193867165813,12.374807608534017,13.559518055153246,73.07093017601619,53.797067884534336,0,0.38943569880722717,0.017887979041619734,0.047458629685953276,0.03322104078016729,0,1,1
2024-01-01 00:00:32.500,2392.905693606134,30.36800150469193,53.37483311185025,92.37583873247692,30.3630289207248,13.497245293984458,71.14852245617286,55.66073457579696,0,0.42872466740977444,0.07697554819690608,0.1448925358210289,0.10142477507472022,0,1,1
2024-01-01 00:00:32.600,3579.055436750034,45.90996909271868,18.165982477213717,89.98798079540573,14.044650648161408,13.344672765833334,72.86020012754624,59.42602278038402,0,0.40743309852538023,0.07069721050709168,0.10496219502318191,0.07347353651622733,0,1,1
2024-01-01 00:00:32.700,3395.831346981468,57.83868666417577,32.25800595051198,87.05364174105347,29.005330773315915,13.565340701924615,75.05187970699087,53.26508730222685,0,0.386854227224236,0.02506617287918371,0.046587023618631304,0.03261091653304191,0,1,1
2024-01-01 00:00:32.800,3312.0599085260774,41.85457885738339,53.91075515131555,84.53918183640955,36.99435983008709,13.642676530778576,76.51781123690792,38.9949272897091,0,0.4375747259595688,0.12099564474387099,0.18219521131550132,0.12753664792085093,0,1,1
2024-01-01 00:00:32.900,3314.17275463214,68.99893094994307,56.98204221486288,94.1737566316244,15.982049730583665,10.323768975667964,73.87591240424668,24.659944945574622,1,0.5695073926449972,0.8979673504453667,0.7986566282305406,0.8590596397613783,1,-1,-1
2024-01-01 00:00:33.000,2993.8766135765427,82.96126248515546,34.12066104671636,94.56885810692792,26.81362326575305,13.338371748796172,76.20996770804162,73.54438668214897,0,0.4657785015730707,0.1807334736973719,0.2607993770061269,0.1825595639042888,0,1,1
2024-01-01 00:00:33.100,2551.3728142570844,78.28142777545975,38.56801496283866,82.27135106654633,8.463077186601415,13.423515908878922,70.7771436505383,55.79592848305382,0,0.40364592048538095,0.044930558977838396,0.08553474283731548,0.05987431998612083,0,1,1
2024-01-01 00:00:33.200,3037.902279096864,56.79835693604688,9.642525066383811,97.9491948909034,27.54733298067809,13.576851181708284,72.5268864837776,68.95429840649197,0,0.45515307222671547,0.15961049526215654,0.23187747478757323,0.16231423235130124,0,1,1
2024-01-01 00:00:33.300,2661.419144243944,82.36089205274928,32.85941598386781,92.87035610447,21.994239859867672,13.857993301778135,72.75618309902512,61.16347265759348,0,0.4020019996449895,0.059497558536235416,0.08997759829179287,0.06298431880425501,0,1,1
2024-01-01 00:00:33.400,3487.559866708876,62.23001185803167,57.80766327039572,96.99797322572896,24.730382821602152,13.268477755620966,73.0241343983082,51.93441657244599,0,0.39296797182924154,0.050278459094493,0.06975752815312197,0.048830269707185375,0,1,1
2024-01-01 00:00:33.500,2926.4713092489305,54.94371043322941,51.50410032213132,83.28936125757443,13.54427927964605,13.350611445954648,73.34136194967355,52.41125655824894,0,0.3863457368893495,0.03516524267534711,0.05075790295831822,0.03553053207082275,0,1,1
2024-01-01 00:00:33.600,2587.2514016037444,50.7989600468859,50.0133144276242,83.1708792229228,3.389165844328275,13.346239766806034,74.47491500787747,49.70735968098524,0,0.4032081560111445,0.05862125869116868,0.09162364923347424,0.06413655446343197,0,1,1
2024-01-01 00:00:33.700,2839.307079173503,55.46295470267808,40.9954737436192,89.25515345116352,25.032520647495048,13.259541722968638,72.12339933667202,36.097563073228,0,0.38655131990012565,0.05572683579209057,0.06139394059550085,0.04297575841685059,0,1,1
2024-01-01 00:00:33.800,3206.4657271378123,54.17734772188157,40.14126317256353,92.51392213447598,-0.634031524794544,13.39584405146632,73.21099030683918,50.144378019745794,0,0.3989912014766393,0.051783036530282205,0.08091777125299171,0.05664243987709419,0,1,1
2024-01-01 00:00:33.900,2718.1377235980126,62.55624333563232,26.79357721053106,98.9818041146348,16.826495077574652,13.731240665996392,72.76260707220474,59.685396420337575,0,0.4100277732796724,0.0758611709413787,0.11202769289773408,0.07841938502841385,0,1,1
2024-01-01 00:00:34.000,2588.889802216784,62.40860971574797,53.976568404050695,93.53039456907564,29.411818664199696,13.183849351390696,70.92099296499048,45.20288004143037,0,0.39897447437055983,0.03228105832984343,0.07113787823125359,0.049796514761877506,0,1,1
2024-01-01 00:00:34.100,3121.843605745956,60.04569030230122,48.4194588877878,88.78659361593984,21.91897735873036,13.62834431854587,72.46535931452982,53.29562399249448,0,0.3699998979909922,0.0,0.0049301779887886785,0.0034511245921520746,0,1,1
2024-01-01 00:00:34.200,3122.4832855543614,66.55407254619524,49.84037695985599,84.86815396167054,39.48342644789813,12.9894293309945,72.32529355281837,56.81272836714558,0,0.4342110628764059,0.10364701477768606,0.16770859064670107,0.11739601345269074,0,1,1
2024-01-01 00:00:34.300,2746.528412314435,77.85969412179512,29.47930314664839,96.15000286359574,30.25109152581773,13.331598601067338,72.20237140252644,42.7225564855002,0,0.41724322635524314,0.06632856958126966,0.1197294717783298,0.08381063024483085,0,1,1
2024-01-01 00:00:34.400,2764.480847190838,74.24331203161985,-3.0668583974248875,85.17647287124643,13.461016116744236,13.401153209934604,72.51597136561534,46.389577085250686,0,0.4379339796928476,0.09025987176011387,0.1674481041540498,0.11721367290783484,0,1,1
2024-01-01 00:00:34.500,3116.0249686788184,37.72653047325144,61.94305423507392,98.1423427738616,20.273133798514387,14.00245790187422,72.52371945359914,41.85670807618273,0,0.44962950304131055,0.10905293106535828,0.19705413611856168,0.13793789528299316,0,1,1
2024-01-01 00:00:34.600,2275.957829251338,21.69118297647068,30.42325087983192,88.57807675196746,19.52629297455564,13.417559308574194,71.42770193407763,43.42267514648474,0,0.44397896639476475,0.09067443620050675,0.1781009362729425,0.12467065539105973,0,1,1
2024-01-01 00:00:34.700,2296.2681128117224,74.01479866858911,22.74448471913759,97.95291036308925,4.178232366538728,12.839626957964724,74.75764168015473,39.69915773077551,0,0.46337168439823484,0.1900889572232801,0.2613182131938522,0.1829227492356965,0,1,1
2024-01-01 00:00:34.800,2640.777889373782,39.49681952376868,53.86957823827987,93.3946564502964,10.596010835156468,12.900333327941626,69.7931708737261,42.79641230897579,0,0.4294326402915866,0.10408285577526499,0.15966954483471987,0.1117686813843039,0,1,1
2024-01-01 00:00:34.900,2893.2764241440764,56.62851897160975,32.15974720161741,89.31502255278771,14.392390930201396,13.510208875904004,70.61011183511225,61.35564544638271,0,0.3861878916552869,0.035989644557366675,0.05089735222095801,0.0356281465546706,0,1,1
2024-01-01 00:00:35.000,3155.4537827990025,42.448304609109606,61.19872768093244,87.40301814086936,-0.3622050285593658,13.684131256736972,77.53189922041908,42.676183767277664,0,0.4274974600995755,0.11528327755569862,0.1619258242565333,0.11334807697957329,0,1,1
2024-01-01 00:00:35.100,3737.678108474776,32.970293436299706,52.34011899153395,88.2954606132696,20.47493468251643,13.612636757288175,69.81590918191343,51.01167375248552,0,0.403475273305598,0.07393657494259778,0.09974287777540392,0.06982001444278274,0,1,1
2024-01-01 00:00:35.200,3428.8298116010096,68.12194092307182,53.67138646400955,92.1415834618762,17.50928155346959,13.550271031740298,69.1043024623923,45.97704997063235,0,0.37667404288410133,0.013015327619649237,0.022970557576133588,0.01607939030329351,0,1,1
2024-01-01 00:00:35.300,2920.0307350182866,71.3873274045397,12.680885775989314,90.38578248108858,3.271060986884258,13.8486778792517,73.20068522173416,59.43092749629551,0,0.4210901027821974,0.10525955300053674,0.14584224687390118,0.10208957281173082,0,1,1
2024-01-01 00:00:35.400,2990.491896048656,51.35234398909921,64.23887970772802,87.03094295965647,24.04212865277332,13.33812263377886,67.4974119441039,60.48929837282893,0,0.3987693735591732,0.06046039845082679,0.08487314043855301,0.05941119830698711,0,1,1
2024-01-01 00:00:35.500,2498.735317681096,21.134365617826354,45.22501062467712,89.17184294841184,27.158727446909595,13.768473166808048,71.10102375162668,56.912559857111575,0,0.4530775473458183,0.11490591534567995,0.20593874208289822,0.14415711945802875,0,1,1
2024-01-01 00:00:35.600,2990.743432003805,51.806333276212754,32.61445721507594,90.39288514859577,22.270344788648888,13.010395534492076,75.78314134164447,52.449076424822046,0,0.3942889374845349,0.026232261151708954,0.06001701694366083,0.04201191186056258,0,1,1
2024-01-01 00:00:35.700,2855.670680539931,65.8770600810382,42.86776934684502,79.35632952792594,16.759318247910297,13.22851565011858,68.32153956710461,48.15152370527281,0,0.40104096884001655,0.04886781068461899,0.08300209288364485,0.058101465018551395,0,1,1
2024-01-01 00:00:35.800,3161.3592801690447,37.81632646838807,4.475295342033604,92.2908405739435,25.914421517518548,12.957887581520454,67.3674023598539,40.46500236647,0,0.46077380849288874,0.15010450521929183,0.2368369380445196,0.1657858566311637,0,1,1
2024-01-01 00:00:35.900,2586.3845282238385,62.750398796687335,48.173056229613415,85.10139387641597,26.80220360476691,13.417546409799062,68.25288884733585,65.54823104897758,0,0.4116096010181452,0.06423679170226176,0.10894885264486974,0.07626419685140881,0,1,1
2024-01-01 00:00:36.000,3259.673257120586,59.77035226240507,19.412569836358568,84.23333798397127,23.074035697196884,13.486121634820098,72.96789030786513,43.92261585797957,0,0.3836588652916715,0.036654212834014155,0.04685955708882033,0.03280168996217423,0,1,1
2024-01-01 00:00:36.100,3766.369456501289,68.68937249401633,12.946594283129311,81.56327826444645,11.753877495652391,13.534230447667955,73.34064453106271,55.30917077626273,0,0.4166028881060417,0.05956470055076386,0.11524105259009054,0.08066873681306337,0,1,1
2024-01-01 00:00:36.200,2945.619925771571,61.7937055262123,9.55281627564218,81.03053751066055,22.766007655111807,13.51856500586614,69.985833417054,58.47652458098717,0,0.4044092109491102,0.061893111579664636,0.09533496143194023,0.06673447300235816,0,1,1
2024-01-01 00:00:36.300,3200.8558610494706,45.40396588677667,62.253767499798506,83.22276248443855,31.95480650825479,13.22173400075648,72.29735573893306,45.55775602475737,0,0.4111928129993021,0.08359366267266273,0.11790709133515856,0.08253496393461099,0,1,1
2024-01-01 00:00:36.400,3345.0719958555565,77.94857252496737,27.414732126144223,86.45489521184754,14.033709413882695,13.442927746676036,73.63136150587482,58.304100218527694,0,0.3976343637681179,0.03327875387637673,0.0693210563665474,0.04852473945658317,0,1,1
2024-01-01 00:00:36.500,2799.3897640570817,57.62205640459545,70.67455419832999,99.76629568763283,40.97939339132431,13.050765999418276,74.34546359963042,56.11370562671084,0,0.45648464300252967,0.17795729503365534,0.24335178775523258,0.1703462514286628,0,1,1
2024-01-01 00:00:36.600,3112.0462409052084,59.59043190735103,29.283970738954043,87.37060162052398,14.743690660146155,13.908968692539675,70.198020128331,63.82371068305413,0,0.40604776735310516,0.08260018006886818,0.10851987042122581,0.07596390929485806,0,1,1
2024-01-01 00:00:36.700,3006.2962003908974,46.00098061390206,5.852840848141064,90.88875053134016,20.324070133401364,13.4089121781306,66.00766717527063,46.24522826858631,0,0.39887135931073847,0.05233327776742118,0.08098580831859192,0.05669006582301434,0,1,1
2024-01-01 00:00:36.800,3048.838049274416,53.35076623212734,17.66951120102682,92.00240693253164,13.275144039936638,13.353334164286892,68.88877268571116,39.71308786176228,0,0.39969407865764467,0.0372817697653547,0.07488168788178241,0.05241718151724769,0,1,1
2024-01-01 00:00:36.900,2613.4951080722667,46.72795928959648,64.71623240013878,90.65532593107925,22.232708359202608,13.976682098533225,69.59684206057993,45.95608195644391,0,0.41051608619906094,0.0670929460990366,0.10848737008556805,0.07594115905989764,0,1,1
2024-01-01 00:00:37.000,3012.255087129472,57.405809101148655,36.88203644126665,89.61278269637003,2.5777830736472467,13.127326039935232,69.85249277721358,51.67082834027465,0,0.40106566001460664,0.049925537241875345,0.08357362174765079,0.05850153522335555,0,1,1
2024-01-01 00:00:37.100,3248.999145622725,85.67562720213516,29.03425407018798,84.02353118200378,14.539582011832788,13.162323865790407,69.91457148827284,50.46570181668045,0,0.413308603464164,0.06453351268897632,0.11203303677242424,0.07842312574069696,0,1,1
2024-01-01 00:00:37.200,3725.571803897521,39.421482856029655,43.20036451705575,97.25463774139608,9.078787996514327,13.171133902539433,72.44799940607155,46.8524968298036,0,0.42181608965966366,0.1029240521028737,0.1459289792764492,0.10215028549351444,0,1,1
2024-01-01 00:00:37.300,3479.6354130426034,35.79657903184888,50.0356547233509,99.03598321818944,21.353383478922908,13.479638585490155,72.67898698350528,34.72642032818206,0,0.4415055653222959,0.09669091684416758,0.17683521610553504,0.12378465127387452,0,1,1
2024-01-01 00:00:37.400,4076.5912287557785,82.06755491240412,62.34797631804922,81.58670652938657,29.944473755089074,13.62948948889128,69.70670274220048,53.763863969032855,0,0.4489432190552701,0.1177200978964775,0.20020184205012487,0.14014128943508739,0,1,1
2024-01-01 00:00:37.500,2616.326218555975,56.86014484272201,68.96998459785853,84.8798570455681,26.460061871145516,13.72190264043535,72.16693972207361,65.7787558326576,0,0.44267475572387327,0.0944222014564166,0.17772118323336344,0.1244048282633544,0,1,1
2024-01-01 00:00:37.600,3436.1603183603397,49.96390892010125,32.80462708421828,88.60094828811496,-3.716593608588923,14.271598595248491,70.60521262315207,53.71400990498403,0,0.4661856763531517,0.1892114156920605,0.26574193341937924,0.18601935339356546,0,1,1
2024-01-01 00:00:37.700,3091.671002869176,75.59857031094114,13.479046278359236,85.17731102544904,40.4206965292788,12.825170263739771,69.93882175553495,54.873084152428106,0,0.47590846673748455,0.190235223733811,0.283054518255963,0.1981381627791741,0,1,1
2024-01-01 00:00:37.800,4094.901466608836,50.91576690394704,31.73069677753448,92.52982776727931,22.952799406208683,13.682620676737326,71.54281804394965,54.57956244924081,0,0.40550969655345653,0.08252888934708276,0.10755445537449099,0.07528811876214368,0,1,1
2024-01-01 00:00:37.900,2595.8508573224244,87.39014570320404,45.20561013165772,86.35863898796694,12.235008595069996,13.33286082822833,69.79415374612547,53.1763733590592,0,0.4013320881561031,0.04065472641420113,0.07939859591505175,0.055579017140536216,0,1,1
2024-01-01 00:00:38.000,2580.139078909612,70.16888807008904,20.72482147578778,100.825280339033,21.571279189909408,13.324075455333368,73.68519192376509,57.45332773494476,0,0.41560080802930066,0.1256264838448623,0.14654038088386256,0.10257826661870378,0,1,1
2024-01-01 00:00:38.100,2700.3036772779888,5.764435578239991,20.85698170209914,95.95274297171798,92.24418126514432,13.314068361523836,66.61266715590037,53.16298944948532,1,0.5910044971343719,0.6317811365544989,0.70270985240111,0.7918968966807769,1,-1,-1
2024-01-01 00:00:38.200,1938.0521378450965,92.35962319898256,46.87575763099771,91.06287015316109,13.331512830484364,13.227369098757608,68.37906761122537,47.49858264277379,0,0.4237821113409267,0.11193601449425841,0.15383218507927574,0.10768252955549301,0,1,1
2024-01-01 00:00:38.300,2737.12248915962,50.91427615494992,39.026952968590976,95.13493131659868,21.97916667342076,14.005357450381036,69.07629153542142,43.63208871992997,0,0.40331250886524556,0.06458732842250008,0.09478700260078993,0.06635090182055295,0,1,1
2024-01-01 00:00:38.400,2620.433669223151,71.13143058013961,40.65593990823173,95.52950212178656,13.925277123796928,13.752689198104171,70.12815463016523,48.0082107577546,0,0.38830413582592643,0.029882843853163397,0.0515007562875046,0.036050529401253216,0,1,1
2024-01-01 00:00:38.500,3075.196893238104,64.48938870609737,24.83009330599861,87.18026255970878,15.956380073099773,13.506958793567213,71.70509014337534,52.513035971605326,0,0.3741170429930788,0.00854958532539202,0.016319269769102977,0.011423488838372083,0,1,1
2024-01-01 00:00:38.600,3170.87798788858,79.52611934098198,35.39198571588465,85.91891377729017,13.137208642449156,13.9053047257461,69.04029195461678,47.471336311016216,0,0.4018010515271605,0.0614686955900214,0.09061593469141481,0.06343115428399036,0,1,1
2024-01-01 00:00:38.700,3938.085419607943,83.42266795090279,21.515337114633912,90.39071531484824,5.673287102603473,13.046241310410338,66.16454970999659,52.514709465051446,0,0.45004430177253363,0.15757365134264764,0.2220312556246889,0.1554218789372822,0,1,1
2024-01-01 00:00:38.800,8169.244017826707,60.4800622359865,92.9671745157904,94.30818062248972,21.45836470215384,13.100788460600722,70.61395672183893,53.51320106960334,1,0.5359918127041065,0.22408748156122926,0.40380280912346717,0.282661966386427,0,1,1
2024-01-01 00:00:38.900,2711.5481721687984,48.69873194480725,60.70498669447505,90.6953019932671,25.852994365163383,12.846609680341594,70.35876638113278,56.66543545016145,0,0.42980026268530713,0.10978835463974682,0.16315753438357972,0.1142102740685058,0,1,1
2024-01-01 00:00:39.000,2550.792664325821,66.89958214408675,3.076242755238127,82.11501758904501,25.148835960763723,13.290175637963014,64.88505145000995,60.262359750711845,0,0.43246961326859007,0.08475542621753868,0.1552536253507944,0.10867753774555608,0,1,1
2024-01-01 00:00:39.100,3245.9595857532527,49.834269453718406,21.4097827961518,85.98587778024579,28.199252526352343,13.548509558011428,68.68108042134709,50.62405934783086,0,0.39298835536562055,0.02876114222036642,0.05903409183595041,0.04132386428516528,0,1,1
2024-01-01 00:00:39.200,2339.883396489679,90.20080871289936,10.069414898198415,89.63013568202811,23.24340210014868,13.5308575733797,65.42832494724802,39.53778747881872,0,0.4279598077977673,0.1552657407207525,0.18271597834958925,0.12790118484471247,0,1,1
2024-01-01 00:00:39.300,3915.7293829271766,62.04802996624106,26.99952131186204,89.62167197837086,14.672745017830966,13.544802573317964,67.1992263335244,47.23916722544648,0,0.3890445199951229,0.045334903550910105,0.06050614706219998,0.04235430294353998,0,1,1
2024-01-01 00:00:39.400,3589.7200603606434,54.52017673031837,38.33124060419279,99.86271088394903,28.39663864431189,13.076682950680176,66.64283059452285,50.3525005392528,0,0.41300981556893546,0.07571222291800571,0.11710609565294619,0.08197426695706232,0,1,1
2024-01-01 00:00:39.500,2765.412173947648,62.77020458797362,11.0070956060294,83.07006028800501,6.424824601580649,13.740946422784209,69.98689776485233,35.313849950583275,0,0.43222659463799956,0.12328094190509828,0.17409645452354156,0.12186751816647907,0,1,1
2024-01-01 00:00:39.600,2143.432735454561,39.79310565705456,21.562803737493734,92.52794620917938,10.993286174875198,13.5718882554717,68.52194863663266,61.10931616081986,0,0.4436063465235745,0.1166036473086601,0.19042166622402917,0.1332951663568204,0,1,1
2024-01-01 00:00:39.700,3676.9361870827065,5.329210822543273,19.92085255837003,97.44556554164144,87.37241304996577,13.7199162844398,65.63702620669615,51.13902330008373,1,0.5867436026800793,0.6163321713279931,0.6876226760665829,0.781335873246608,1,-1,-1
2024-01-01 00:00:39.800,2942.730077373691,78.00620861916639,44.14534658797888,101.35724872711398,30.8005605913931,12.932171346722985,69.8882600540428,53.05082267664228,0,0.4397032125837344,0.12644799577128663,0.18859934582858592,0.13201954208001013,0,1,1
2024-01-01 00:00:39.900,3618.908155986731,50.14658581542906,41.38688674072501,87.97801288408019,29.42788514140076,13.593447257639337,65.18043640019121,60.92421170021012,0,0.39856567350551236,0.04830702835586488,0.07844446800386963,0.054911127602708734,0,1,1
2024-01-01 00:00:40.000,2202.7861706028166,44.296335259770906,25.56524893325493,92.457147263601,24.873052370449948,13.14367042802474,68.62819554890986,44.95885735886122,0,0.4131618546102381,0.057173163014866975,0.10809928445838794,0.07566949912087155,0,1,1
2024-01-01 00:00:40.100,2700.3124885231136,68.04979128790929,43.53641744278796,92.84880178599325,30.71929865211797,13.380803024234591,66.25986654930477,54.59233544707224,0,0.38732611361148395,0.02826299977563309,0.049000842136804376,0.03430058949576306,0,1,1
2024-01-01 00:00:40.200,3002.6218498590915,77.78556231994496,29.06639830825469,90.97740865776646,11.20717217588012,13.660309469590915,67.07645364274677,49.121087015184514,0,0.3895154130355687,0.025431178609281423,0.051367973188808896,0.035957581232166226,0,1,1
2024-01-01 00:00:40.300,3023.4902968823712,70.784299659976,34.56689779347894,89.50577399380347,23.485951198609804,13.527328081876774,68.7362692238045,48.527305063872646,0,0.37014719180752614,0.009170590057252473,0.00976999217291393,0.0068389945210397506,0,1,1
2024-01-01 00:00:40.400,2774.967264260378,74.94071528708724,73.46904180597073,92.17987694750023,18.74825571616836,13.244538006066204,68.6905464457667,43.822460897564966,0,0.4089560523883789,0.06567915821449874,0.10508478600919767,0.07355935020643836,0,1,1
2024-01-01 00:00:40.500,3311.424966173749,48.64807367145809,66.80922103580696,77.33876957390157,28.46882103884914,13.501881946855326,70.24150571467949,63.32482570949222,0,0.45572965193996867,0.15274147425439513,0.2294392761802021,0.16060749332614147,0,1,1
2024-01-01 00:00:40.600,2466.189785308703,38.67283999887235,14.008375261448048,93.41034745031315,18.847757674478025,13.040539405426909,67.32298008814458,46.99599967939543,0,0.42895432877255446,0.09519137813606464,0.15439729851633774,0.10807810896143641,0,1,1
2024-01-01 00:00:40.700,2928.8102574893533,82.5200047793323,56.594648357583495,90.63088951830984,16.15057111589919,13.845080218769487,68.02030913333408,55.595713975165616,0,0.40220898120397025,0.047975751672877764,0.0845743525869305,0.059202046810851346,0,1,1
2024-01-01 00:00:40.800,3060.1478158559494,55.15980241736796,56.22793108983184,88.88762551610867,25.4090851856099,13.438414794151123,66.45185268251868,34.99994090022451,0,0.4054960241977057,0.050648336298214136,0.09159055344254623,0.06411338740978235,0,1,1
2024-01-01 00:00:40.900,3257.2194170293747,56.23750475317429,17.034734224947634,100.2343109785978,28.761691671912327,13.835564983276598,67.61122701249283,59.439908237518296,0,0.42996384963553425,0.11743720275968475,0.16726463162971647,0.11708524214080152,0,1,1
2024-01-01 00:00:41.000,3355.807439044445,79.92291212773587,56.37555287509721,86.62532990604724,13.316548051531983,13.342040493871188,68.04613926318419,58.41768924765647,0,0.40625394447865654,0.04764500062961744,0.09139854839235212,0.06397898387464648,0,1,1
2024-01-01 00:00:41.100,2437.678954081065,68.3434501410099,70.75863836825106,87.98462005467485,19.38924328647624,13.342927203478023,66.89046739217834,50.77947288237842,0,0.3947930511658549,0.05166241559549846,0.07360318700206642,0.05152223090144649,0,1,1
2024-01-01 00:00:41.200,2232.942914632189,66.83831658122412,17.549103875111722,99.95776651102366,9.415593663583472,13.270743964008648,63.39950603882201,48.18446027089661,0,0.4353734044870594,0.16847097923141993,0.20212906319655943,0.1414903442375916,0,1,1
2024-01-01 00:00:41.300,3638.8384109492554,92.47503517351626,21.649943579714726,85.83969347575072,-4.980610174929396,13.762852179507922,67.58986871958872,53.200000044908535,0,0.4823918579241403,0.18060403847220172,0.28944202490269727,0.20260941743188807,0,1,1
2024-01-01 00:00:41.400,3166.157005989796,50.347226544297854,60.35322933687005,87.2494235853173,22.004596314137288,13.287170652801455,67.57596980155776,68.31032528704232,0,0.424263969286317,0.08190130755408521,0.13964746722293853,0.09775322705605696,0,1,1
2024-01-01 00:00:41.500,2625.756731721723,73.91760192121856,45.42990621651296,89.26487288284575,26.08905356254632,13.693378629724553,65.40641981407086,35.89410640877212,0,0.39829002830496757,0.04960512914213746,0.07861721202304589,0.05503204841613212,0,1,1
2024-01-01 00:00:41.600,3775.575987761261,60.855196873456265,51.02952550479046,94.20367241064774,22.62066809086725,13.385264280699213,64.11791261454165,56.25621910059302,0,0.3960380955705473,0.03922767667000198,0.06953721573034854,0.048676051011243976,0,1,1
2024-01-01 00:00:41.700,3057.837317146429,64.02888418294886,46.811784328009935,91.03901253676656,0.5043828224563285,12.907211010032514,69.55836490761453,42.70706158276878,0,0.42933001355596995,0.10600656519185257,0.16045406372067275,0.11231784460447092,0,1,1
2024-01-01 00:00:41.800,3589.6485920319133,82.92702639618798,47.813918418562885,83.5368732642387,16.491505699235255,13.32890577966406,67.50941754831533,49.84065282960215,0,0.40350828283345835,0.055068605930379315,0.09036593271162932,0.06325615289814052,0,1,1
2024-01-01 00:00:41.900,3033.7592407050543,67.61753634434436,13.47055743377834,87.33915718436405,-2.1834776005108125,13.146267535691145,65.98828438460302,48.0169590473707,0,0.4264809272062011,0.11715761253092606,0.16110645437111348,0.11277451805977944,0,1,1
2024-01-01 00:00:42.000,4030.3739624409936,68.07444118574449,60.946354132428965,86.96322783393894,33.69701107654185,13.5101708171047,64.09230060007138,46.57345393761796,0,0.41299398251932223,0.11506640495455638,0.13675582765160102,0.09572907935612071,0,1,1
2024-01-01 00:00:42.100,3877.6704212216014,76.08761005964703,63.39179984855547,89.61389477388477,9.13945417881914,13.142877679297651,64.6426566294436,49.916278967578165,0,0.4099541058811294,0.08275637934083259,0.11534800211314886,0.08074360147920419,0,1,1
2024-01-01 00:00:42.200,2875.517925760463,54.52570905685672,35.41218511863944,92.12921829314917,32.55403609459896,13.777792530214384,68.81138699977866,40.92663083777768,0,0.39503185620743925,0.05848684917494351,0.07742805151145034,0.054199636058015234,0,1,1
2024-01-01 00:00:42.300,3485.785475477178,47.4118549899149,39.13046100372275,92.09102877943988,29.458696436841457,13.472677241894091,66.40145000786221,58.233443489023735,0,0.40062837012564667,0.04689565203693204,0.08130305575333974,0.05691213902733781,0,1,1
2024-01-01 00:00:42.400,3322.6879747925736,44.327862089684494,9.377849948885558,81.11994122975798,10.994096474639385,13.446721201572378,64.94487191204463,35.6468519104112,0,0.44577190214916435,0.1845662463345411,0.22814497882333876,0.15970148517633712,0,1,1
2024-01-01 00:00:42.500,3684.3157787661744,30.504651159359973,50.2850951203567,95.31970493780427,8.67215048732255,13.696767641336274,66.98534442841527,54.31811610262674,0,0.43604670705471815,0.1276565585821302,0.18288529886678653,0.12801970920675057,0,1,1
2024-01-01 00:00:42.600,2517.538269709948,90.84310694910484,51.441148834282885,91.26284422998312,23.503702163863384,13.78917208022276,64.25708951099324,47.38771317972344,0,0.41113671767917653,0.08003257181219138,0.11602961492817332,0.08122073044972132,0,1,1
2024-01-01 00:00:42.700,3343.0257299992195,43.451874514174754,38.75617966001378,96.92266023796952,11.55675962816929,13.493970374469104,68.80749186636656,40.63260084954037,0,0.4125679021756214,0.06324359069268153,0.11010816687604114,0.07707571681322879,0,1,1
2024-01-01 00:00:42.800,3529.212243424794,56.68119564621342,62.487067197410056,92.22099163645336,21.02484642158208,13.268639910135214,68.43132679551917,51.61906696478956,0,0.3813830838973152,0.018655974308624458,0.033927958023360294,0.023749570616352203,0,1,1
2024-01-01 00:00:42.900,2120.6302567884427,55.84780050166619,33.31845538040119,95.50661478867882,15.171724091930816,12.96780911516636,64.71249750324009,37.544391306348174,0,0.43491068522559395,0.11632881977515168,0.1752584189080612,0.12268089323564284,0,1,1
2024-01-01 00:00:43.000,2408.3707436671125,64.61110046713651,51.292118517872005,92.33272655725064,2.188415855343667,13.294185072889446,64.30822507150384,50.31771057375708,0,0.3994457304063125,0.05375295211668184,0.08268814096674984,0.05788169867672489,0,1,1
2024-01-01 00:00:43.100,1980.3839111199495,72.23605818808946,19.606713226157687,96.73112878101374,-2.3046801912445893,13.314836326005612,60.24921908810092,38.616984737507565,0,0.4680671946048104,0.16564795926265272,0.25721141050125196,0.18004798735087635,0,1,1
2024-01-01 00:00:43.200,2865.296582777721,72.90710232539618,39.52895698251524,92.6112531800889,22.26684248494597,13.532117235897688,62.44224386230267,53.69017667454265,0,0.37561522274671505,0.014025897533911709,0.021646234111577935,0.015152363878104553,0,1,1
2024-01-01 00:00:43.300,3358.7711278979814,51.25383842146592,36.512914841943285,89.51042376778548,14.384422536693746,13.396455935658592,62.64638577540981,42.605141330957,0,0.3758688772571015,0.022745937093131337,0.026444561033274715,0.0185111927232923,0,1,1
2024-01-01 00:00:43.400,3751.178526048014,57.49317429320383,44.50615844081883,101.3621736022344,14.469101830858676,13.706379891615429,65.51562592722001,46.39204786376553,0,0.41338232526407404,0.09878236488047473,0.1292848518563639,0.09049939629945472,0,1,1
2024-01-01 00:00:43.500,3037.0473902098875,64.2386992573245,32.60946142333283,94.44518561139948,26.958638390937853,13.316105018618794,64.51269775628245,52.3515951035453,0,0.38636569526614456,0.01931855102499159,0.04286904459043195,0.03000833121330236,0,1,1
2024-01-01 00:00:43.600,3814.307772785646,56.2696331072468,37.37054808656664,92.86872210502209,31.73442276632445,13.482887649944118,62.3944141102546,43.81966310526212,0,0.39655435135490924,0.05695742718267518,0.07929416500139437,0.055505915500976055,0,1,1
2024-01-01 00:00:43.700,2309.9492708925545,84.1101836402999,56.52094342883012,83.61847791730833,17.274552786381907,13.855196232959068,64.44267692007588,49.53628800265358,0,0.42180226417395195,0.05694309668614725,0.12291461155674327,0.08604022808972028,0,1,1
2024-01-01 00:00:43.800,2148.3087803224225,67.36462427457377,31.26471525523565,83.5584619126823,16.594012930901386,13.60254756418649,65.93559922021961,37.88935599004117,0,0.42091639180364077,0.08948051089279524,0.13765255862629794,0.09635679103840855,0,1,1
2024-01-01 00:00:43.900,2972.226150551691,71.02316679074727,7.868457985226414,91.46357741070926,25.00143033113884,13.481988737493433,65.90052354467602,55.047004828769246,0,0.4013249834336905,0.05021483550933288,0.08416637372221492,0.05891646160555044,0,1,1
2024-01-01 00:00:44.000,3192.0327244696537,69.94321903001119,74.99167808410841,90.7276059888412,6.430644303004247,13.319416667419446,60.965424203047,64.11931044440617,0,0.42458908432045184,0.12489498660460337,0.16170609546326536,0.11319426682428575,0,1,1
2024-01-01 00:00:44.100,2983.6526259529533,77.60210786227987,67.62908157380973,86.92938717495842,22.23153054747697,13.310030580985506,64.42815772371702,72.33767094327969,0,0.4491152048518302,0.1431286419002925,0.2132033001846777,0.14924231012927439,0,1,1
2024-01-01 00:00:44.200,1966.2789499800615,62.7153233805556,14.154746097887628,90.70491349806032,25.51885971822154,13.244816024114415,61.83792305066138,50.72934517333152,0,0.41444571216276876,0.04633956139923996,0.10490094975961059,0.0734306648317274,0,1,1
2024-01-01 00:00:44.300,2955.439980243606,40.5475207806623,53.79415610490389,97.94313464021798,26.80230208417629,13.33769794026513,66.32798191880507,56.30563312637749,0,0.41363786424724935,0.07330153562144352,0.1169860006795807,0.08189020047570648,0,1,1
2024-01-01 00:00:44.400,2347.7652497475733,65.99531927628962,29.940504588973138,93.47701237275147,0.6324729749753502,13.726699751623295,66.01273727715144,35.754994616740085,0,0.4342963530057975,0.13789407311969204,0.18497949852114173,0.1294856489647992,0,1,1
2024-01-01 00:00:44.500,3334.836274415019,50.22964659312257,45.26974430662119,84.29495745123631,12.386447301910591,13.43343351861232,62.568309911715446,62.02187461044471,0,0.3991263059076411,0.04024695320715794,0.07538318586605075,0.05276823010623552,0,1,1
2024-01-01 00:00:44.600,3183.299123048424,52.07074977375365,45.88448258026988,89.44245586428528,11.217367471765334,13.09506807918563,62.752193879483485,56.209828037792846,0,0.39254831857529826,0.0369859351203338,0.062386118333570786,0.043670282833499545,0,1,1
2024-01-01 00:00:44.700,2530.060106836322,68.7954602813264,35.31184399367356,85.97516759573719,20.99886954409213,14.030450787917935,63.28167010320759,46.12853244039014,0,0.39945762924549844,0.05800166457885275,0.08483305802362073,0.05938314061653451,0,1,1
2024-01-01 00:00:44.800,2743.0665413316533,78.57424607150453,24.32468668827207,88.06150041795719,24.80744579767984,13.595989557343549,59.61853733466145,59.89744640231207,0,0.3931613576295265,0.048090060810017946,0.06899749368753047,0.048298245581271326,0,1,1
2024-01-01 00:00:44.900,2470.393239055524,60.31907365104093,26.18917895367481,87.93192167185178,34.96710407445981,13.07791697984605,64.7159803909252,47.96419138683727,0,0.41306653512562813,0.06224125361692558,0.11046862064062045,0.07732803444843431,0,1,1
2024-01-01 00:00:45.000,7343.045387574374,64.63249518898445,99.99673205242092,87.61177208697997,15.05034519631927,13.367445321827752,63.4182748712837,46.33579853588355,1,0.530548813587002,0.47538676393815416,0.5200471163252985,0.36403298142770896,0,1,-1
2024-01-01 00:00:45.100,3477.571160250619,85.53322416952857,23.363555835391104,83.72432314013302,15.02427501690786,13.533265914848526,65.8242340490196,53.80267940341993,0,0.40869172323616365,0.04663305987732417,0.09510498424787618,0.06657348897351333,0,1,1
2024-01-01 00:00:45.200,2507.1369768322284,63.61129769232853,38.65643419901289,89.36172659240906,31.49672018878747,14.011377627989212,61.6069853678787,41.49316400135745,0,0.4152974704047466,0.07045265668443916,0.1184293092782204,0.08290051649475427,0,1,1
2024-01-01 00:00:45.300,3252.023257758922,99.02524671270592,25.684800217784964,87.19696181576344,22.96576938530305,13.16756626252234,62.48547782722386,58.17299811519958,0,0.43728008381300876,0.1293636215301116,0.1858700671999966,0.13010904703999762,0,1,1
2024-01-01 00:00:45.400,2734.87119081378,68.48264468447316,53.6410413142524,75.35275654998865,32.67651511187974,13.792812215806784,60.63059312756541,41.55208150458525,0,0.4374994157309632,0.1986520094941259,0.22089325994682207,0.15462528196277545,0,1,1
2024-01-01 00:00:45.500,2603.563583868828,33.58855861266274,69.74492310671855,100.26486012250832,22.887280030098363,13.919845928091704,61.55498243657506,41.599561681414514,0,0.4687998500488481,0.1272495499336358,0.23927821176473343,0.1674947482353134,0,1,1
2024-01-01 00:00:45.600,2946.484820022721,71.30012431656799,28.39893517259914,95.44384827108335,8.42883381286729,13.311403708477629,61.11951949134704,42.722481692733325,0,0.397511283434362,0.06369069004205773,0.08431434544260236,0.05902004180982164,0,1,1
2024-01-01 00:00:45.700,2482.378838790313,65.71737577324167,44.78809001070754,88.11849637537502,6.668716452221934,13.41674591434193,65.3953507610963,56.076000300128975,0,0.38259712505235327,0.037606877500325424,0.0455012351545423,0.0318508646081796,0,1,1
2024-01-01 00:00:45.800,2723.175347326409,79.34629131124119,49.99370220605868,90.094095248703,4.48487750941071,13.189107225787868,61.926799625820536,45.065797107842336,0,0.4006334236687195,0.05899176519318138,0.08735984469746215,0.0611518912882235,0,1,1
2024-01-01 00:00:45.900,2401.061053705576,70.09772026904938,49.44004541838549,84.14172826341219,26.62051834758473,13.43896165767591,63.49159461273247,39.21603372506265,0,0.4044320785256832,0.048033983413285214,0.08844491181320412,0.06191143826924288,0,1,1
2024-01-01 00:00:46.000,3982.3625664581946,57.92316024024339,41.51910535832175,98.47861438905431,31.88596823087008,13.48902300769712,62.40163635543955,45.15456000051361,0,0.4135545146400222,0.09616470321658326,0.12827355893594433,0.08979149125516103,0,1,1
2024-01-01 00:00:46.100,3017.6317759858644,41.63552645565952,54.853648367194445,99.48644347386556,38.493621413863806,13.697894999424712,60.54415255105746,49.743661034556105,0,0.4332724742173577,0.0999539103064294,0.1642401862621956,0.11496813038353691,0,1,1
2024-01-01 00:00:46.200,2650.137246003708,56.86465114070962,49.64497905361314,90.78346864123262,28.4310533232324,13.827055041306131,62.666402156659714,40.55222013068492,0,0.3901977025485691,0.048694743267685796,0.06417873067624308,0.04492511147337015,0,1,1
2024-01-01 00:00:46.300,3106.989955367111,47.2421931868605,15.246751553454043,95.11765322092673,31.62838577534986,13.275571180613506,64.12112958665011,40.78655112772525,0,0.4203920610649057,0.07346347312597033,0.1287380124569792,0.09011660871988543,0,1,1
2024-01-01 00:00:46.400,2943.835975154585,51.29214825292916,57.38312128778546,90.87643389466962,14.199836673463151,12.909802480732202,60.42732405775614,66.89037067279668,0,0.4470825470730331,0.12681738038829432,0.2015352997077221,0.14107470979540546,0,1,1
2024-01-01 00:00:46.500,2889.5152002333884,68.82867606630914,57.74581674533484,83.31637280562035,8.435841832561433,13.493626566217127,64.38098834422551,43.11547676948891,0,0.39333449814865157,0.0473627724099881,0.06893303094500887,0.04825312166150621,0,1,1
2024-01-01 00:00:46.600,3307.0833500217127,85.0485675652711,24.73427791642837,87.94088315518171,28.50079332417553,13.588061258990592,60.98324083972729,47.415661049815945,0,0.4080985740496923,0.06351427111194272,0.102520646431862,0.0717644525023034,0,1,1
2024-01-01 00:00:46.700,3378.7538550236527,65.92007294734472,40.75875670895204,90.6596398338598,24.176807522394007,13.574825306305511,61.63663475045692,47.06210399360571,0,0.3711074348966375,0.008415411645508993,0.011051673300756876,0.007736171310529813,0,1,1
2024-01-01 00:00:46.800,2734.7494261947363,42.06175406947224,53.66657985622139,87.72726140628278,21.074443743408924,13.401998025747286,63.58388876854261,46.62914553783647,0,0.38345845095174624,0.04589209763645722,0.05113218971446545,0.03579253280012581,0,1,1
2024-01-01 00:00:46.900,2712.09087967766,66.66904002330212,35.81372360841277,88.90673361282482,23.8737148063299,13.53742562989918,61.11557012800347,54.970773919752816,0,0.37218464755125685,0.005936492534535911,0.011673603867396649,0.008171522707177654,0,1,1
2024-01-01 00:00:47.000,2862.4741514241778,77.94947229968477,61.45956095532024,89.54300221245443,23.231854824582054,13.954633442505674,62.43751208103409,57.5851436037764,0,0.4147794180917298,0.07525563831586436,0.11993562173331956,0.08395493521332369,0,1,1
2024-01-01 00:00:47.100,1849.039417632208,50.85325643520927,87.27744989238721,89.59560751067269,32.83816859853562,13.614520250688752,61.6529006247061,47.55236454774726,0,0.46283512271937755,0.18697786969258878,0.2588355074566771,0.18118485521967395,0,1,1
2024-01-01 00:00:47.200,2242.404468900724,57.98974249990624,24.280279347300358,90.2612924524874,32.94985584816956,13.387989472499076,62.46093821560984,40.10817370726121,0,0.4102968555804204,0.06254899770269833,0.10583657216465928,0.07408560051526149,0,1,1
2024-01-01 00:00:47.300,3683.4371337222624,60.22032292093795,12.379107936924502,84.69697466801699,25.44220352340347,13.3499406548712,57.36064391107513,60.19552182279123,0,0.4083587033857194,0.06583173272560164,0.1041288726790576,0.07289021087534031,0,1,1
2024-01-01 00:00:47.400,3822.4838567506417,48.2265253037664,46.07637191209752,86.41491925436031,28.458028725629283,13.44904429269668,58.38267841162588,49.23727127042654,0,0.3961721341935156,0.04272366509366783,0.0715168245335128,0.05006177717345896,0,1,1
2024-01-01 00:00:47.500,2875.4819802218108,69.72420650765788,54.43125010252287,83.57707867150015,25.14062552424776,13.991021988549193,63.19389597405564,63.84257451885735,0,0.43144670886931813,0.12572081344003305,0.17396877182404666,0.12177814027683265,0,1,1
2024-01-01 00:00:47.600,3288.2784815278837,58.18577777088328,35.38267252310462,94.889077748431,15.388302679653812,13.44500978714214,63.95624469317998,32.0353128194787,0,0.4172594561228752,0.0828655804126299,0.12802602173008656,0.08961821521106059,0,1,1
2024-01-01 00:00:47.700,3155.625077271768,66.29298665860541,69.06521326642068,79.47176529079837,27.5656467491314,13.494061696643788,59.98082839473876,51.56322577026656,0,0.41213675247488574,0.09079871015029016,0.12314071326818848,0.08619849928773193,0,1,1
2024-01-01 00:00:47.800,4539.440404227619,46.6876173329685,13.227884005535024,95.76795171658463,6.055049311407384,13.355305928719108,61.23366501737945,65.34885067100966,0,0.4782747049820826,0.2428930364659239,0.31347221106191575,0.219430547743341,0,1,1
2024-01-01 00:00:47.900,3559.787455717288,53.438125495148846,53.85837246063223,96.9317469863142,30.53891552295883,13.829695007232589,62.23108014744624,47.17388691649474,0,0.40469042083017587,0.08302675043733196,0.10638770283041962,0.07447139198129372,0,1,1
2024-01-01 00:00:48.000,2936.0412042596167,70.83572036741657,27.88278358482213,88.4890970650869,8.05477060233965,14.087951176423402,62.94799676487897,48.19605261332291,0,0.41081822372184673,0.09251524422245314,0.12172060343400048,0.08520442240380033,0,1,1
2024-01-01 00:00:48.100,2522.2297796997877,54.4075027186235,74.38755812414593,76.98431456086351,22.85803286794733,13.635183914829415,57.42612693813978,52.36409353272271,0,0.44573833225199294,0.12861594166304507,0.2001118187444328,0.14007827312110294,0,1,1
2024-01-01 00:00:48.200,2196.7768398712137,85.90445776850108,79.85030706336237,88.19344719016355,11.548460415738411,13.524831871135628,59.62932090744464,45.52963344892034,0,0.4340463008325827,0.1495177924827095,0.19035927578768602,0.1332514930513802,0,1,1
2024-01-01 00:00:48.300,3101.731817933612,54.00545721578096,24.66686824433304,89.6790791935559,25.53388983074427,13.51103484995227,60.65616256162157,47.50342454357813,0,0.367146734618135,0.00648381629513541,0.003241908147567705,0.0022693357032973933,0,1,1
2024-01-01 00:00:48.400,2621.8246273578484,63.37027088627829,29.0088572818284,84.94700890035543,19.66074774072091,12.784707963364276,62.64752163571334,47.297479246468775,0,0.4119762452767412,0.08260582999478708,0.1187669217205343,0.083136845204374,0,1,1
2024-01-01 00:00:48.500,2288.873145201163,73.98886247809635,57.19175773959604,87.42390803095878,4.052440418366675,13.723545259285444,66.15802212860414,44.98063412458902,0,0.40665148478696717,0.06420937142414335,0.1003676711365384,0.07025736979557687,0,1,1
2024-01-01 00:00:48.600,2676.7135578787365,38.724514006004526,32.257387004209704,97.65097599431677,24.20699631018479,13.540249924798752,60.62506962746164,59.83085240160448,0,0.4162711153594928,0.05499176366271417,0.11238129111003556,0.07866690377702489,0,1,1
2024-01-01 00:00:48.700,2459.2259981928028,33.587867820288366,39.091775641355234,93.3246358115087,14.220792231672894,13.628502615198215,58.187046076793024,53.68862425837148,0,0.41042353021500777,0.0639737755072405,0.1067678509142913,0.07473749564000391,0,1,1
2024-01-01 00:00:48.800,3843.5708175362815,37.11515528144858,40.5077684108482,85.3771794281095,28.81146720813369,13.286561341774888,61.72545707532352,52.005025856826414,0,0.42951142949359383,0.08601515533087868,0.15077183991467993,0.10554028794027595,0,1,1
2024-01-01 00:00:48.900,3440.819878474725,78.93876155140774,1.6065368760468743,82.01200415202284,20.013256887344077,13.384662936306873,63.48283241992226,56.46856805512093,0,0.4421223225455072,0.07812675274732282,0.16861887144713736,0.11803321001299615,0,1,1
2024-01-01 00:00:49.000,2996.0136793416914,51.7221278116133,39.723245078115255,88.36491341195115,23.954209853880386,13.376692519049048,60.97678900271976,47.88515333437226,0,0.36839876989697845,0.017314856061625774,0.010820906235974107,0.007574634365181874,0,1,1
2024-01-01 00:00:49.100,3739.972069445013,98.37298928502378,26.20544451871652,88.93271610324781,10.424310449847882,13.806486895221912,58.86738359037209,43.8063694531768,0,0.443659202125799,0.15536319633875106,0.20989277358357647,0.14692494150850352,0,1,1
2024-01-01 00:00:49.200,3038.684153823809,51.53628602013917,30.13754355200456,92.48099593681658,14.106677685726382,13.386372049019071,62.51658848356064,45.17900556308354,0,0.37296918737636026,0.014025799613755602,0.017073917939399896,0.011951742557579926,0,1,1
2024-01-01 00:00:49.300,2569.3578993358683,62.76826954795556,68.87264006937627,87.32341643716171,15.413613638989156,14.12479809663294,61.84761175751739,50.01426432883687,0,0.4242747901838886,0.06893034395234768,0.1331806835981132,0.09322647851867923,0,1,1
2024-01-01 00:00:49.400,3761.5620386348287,83.13164928851813,14.869862114414872,92.55749787680932,28.56702480242556,13.629258725704512,58.38827875204919,41.526306333016784,0,0.4403336960266098,0.1562122999123172,0.20457095377181111,0.14319966764026776,0,1,1
2024-01-01 00:00:49.500,3269.455021842329,90.09139332238684,56.26410373495955,99.67577020030114,36.77377087805489,13.11729520200128,61.12321159542904,45.9979118673066,0,0.4536018664035206,0.1811268207346019,0.23995520187880248,0.16796864131516173,0,1,1
2024-01-01 00:00:49.600,2481.376922836772,90.92255364954596,34.420741393363826,94.07750511222132,11.948282482571235,13.461436112024414,62.27481141559802,45.87106686502853,0,0.4112934601650456,0.0868781605851754,0.1197232554782924,0.08380627883480468,0,1,1
2024-01-01 00:00:49.700,2904.830660958196,78.12549345889714,34.40479663008331,89.75955746334614,30.768481446576804,13.304497463353076,62.56398028531799,66.99644983863212,0,0.4372325026733218,0.09866177199926189,0.17043692369806415,0.1193058465886449,0,1,1
2024-01-01 00:00:49.800,2562.1908733076216,75.36093788717193,55.80743792103423,89.08424764473352,-1.6967741772570193,12.841685259053992,59.98722216950121,27.809480480528663,0,0.5000706605587073,0.3452550733293116,0.40231596603746256,0.2816211762262238,0,1,-1
2024-01-01 00:00:49.900,2308.600134517832,68.88790423801774,46.80102589137781,88.21663432910064,8.058105989077106,13.979841282034135,59.323881147681405,48.56304222875493,0,0.40565601680688884,0.06993673592560215,0.10151121553234667,0.07105785087264266,0,1,1
2024-01-01 00:00:50.000,3463.088773765821,71.67541614249957,51.41225994439062,95.90320456226073,10.412215438132252,13.710942762666,62.41450760412248,63.80555034251817,0,0.41782845270076596,0.07576953264575509,0.125461206319988,0.08782284442399159,0,1,1
2024-01-01 00:00:50.100,3954.708320235065,51.732214255072,59.36369321065722,86.86343277024349,6.474913105592776,13.659962195369792,57.45955887391811,50.97475571305963,0,0.4160692209744316,0.11202076150693528,0.1405469227843895,0.09838284594907264,0,1,1
2024-01-01 00:00:50.200,2300.7162130904294,47.72701674866539,33.37383233633354,90.22611354499992,4.164116102124201,13.549621098089911,60.67695838164181,56.027339787368746,0,0.4026851894239254,0.05922297654071112,0.09102083808393154,0.06371458665875207,0,1,1
2024-01-01 00:00:50.300,3281.484618345285,59.94938313883572,27.755265309844997,90.25598950940542,24.12998912137797,13.085394729392268,56.97966646499086,50.79861052079814,0,0.37806633999027983,0.02282192239801297,0.030279701266314848,0.02119579088642039,0,1,1
2024-01-01 00:00:50.400,2674.678715439087,57.44723066212608,18.29698946884404,87.49107903594233,17.859323022721387,13.35491485813337,61.77039218415885,44.66133295026816,0,0.3772925166792244,0.027245766954989578,0.031154480816955606,0.021808136571868923,0,1,1
2024-01-01 00:00:50.500,2756.437308117652,53.20157926009088,23.4917894004209,83.13767226057949,23.794053976051096,13.752534232435204,59.04346852833724,32.06467252392869,0,0.429092116587528,0.13918077744506085,0.1766300912498962,0.12364106387492733,0,1,1
2024-01-01 00:00:50.600,2703.803037880565,70.44581171185072,98.9818885061745,91.61487251808836,26.90472686121513,13.18463399106525,62.01664595077442,51.643645496290425,0,0.4520256518811388,0.15340224956032203,0.22336926638861687,0.1563584864720318,0,1,1
2024-01-01 00:00:50.700,2568.004615160092,74.32957812855766,64.89359161473573,89.69498014072309,22.656169931725334,12.740469205124755,60.38222491211045,43.79514716318087,0,0.41973923956044845,0.1240174170598502,0.15288692907226925,0.10702085035058848,0,1,1
2024-01-01 00:00:50.800,3024.2608139724134,61.32610329437771,12.978512675839577,92.50120234718284,26.57763176150374,13.431868197665722,56.87287885919546,43.59731675067757,0,0.3813256446979916,0.042058210182402064,0.04552982280184503,0.03187087596129152,0,1,1
2024-01-01 00:00:50.900,2584.524941794481,82.16295121582893,13.5508408651286,87.33199846780417,19.304677137577308,13.457472733791738,62.08849470339373,46.0081019521671,0,0.40295406550180163,0.06688175595616881,0.09531483733118695,0.06672038613183086,0,1,1
2024-01-01 00:00:51.000,3135.22841288992,42.87466328799742,49.63732123436983,96.10410649406523,8.130066116942555,13.540669024924412,62.261649692014615,63.95889125298795,0,0.4206934136598353,0.07904962915332098,0.13205181842634064,0.09243627289843845,0,1,1
2024-01-01 00:00:51.100,2974.880945275432,57.09510811080423,50.94529594755934,85.61613109394078,30.57814180820796,13.71855559305436,60.84365206427752,69.23870033803178,0,0.4295995654342528,0.10209026461242442,0.15896169073266855,0.11127318351286798,0,1,1
2024-01-01 00:00:51.200,2880.525976566795,49.247665190957925,50.97767670634729,98.56020142008948,14.10887867218873,13.691281743669364,57.47582326892656,51.73766350022721,0,0.40373138653570884,0.058446084018373985,0.09244018804695317,0.06470813163286722,0,1,1
2024-01-01 00:00:51.300,2546.218168979201,32.0019507439041,34.900884128926045,81.26181745085869,10.64403701237574,13.577630941573176,58.3068910102041,46.28186220870618,0,0.42347987543983334,0.11861807390705946,0.15665096050428193,0.10965567235299734,0,1,1
2024-01-01 00:00:51.400,2711.6143347158336,58.75978971235951,37.490914799942,92.17385032278446,18.220821241956017,13.858659416426011,59.12969327365036,40.58218866039032,0,0.38658019755010353,0.03759124281911083,0.05237604379426678,0.03666323065598674,0,1,1
2024-01-01 00:00:51.500,3377.695612912878,58.17378737425075,46.55759048318715,92.37715341263312,10.87189080703487,13.044309065756003,57.35133796009589,53.74832129236855,0,0.3921746337470012,0.04157075744399436,0.06403281367949613,0.04482296957564729,0,1,1
2024-01-01 00:00:51.600,3250.4585938121904,82.70174614863197,41.71786012586661,86.02221466029559,15.825696180105677,13.651374544343216,62.06337182360509,64.26324480052115,0,0.41111188962280854,0.054519855884274104,0.10323035485136185,0.0722612483959533,0,1,1
2024-01-01 00:00:51.700,2511.2223776007245,69.46217526832166,-4.3860074549507,92.12196968930506,23.440539215634665,13.687961509001084,58.88725154205067,48.02127690379874,0,0.4272860816850606,0.09983141153283079,0.15383463588802432,0.10768424512161702,0,1,1
2024-01-01 00:00:51.800,3049.666152714613,44.63719763506192,35.404007388496126,96.3975933488008,23.48341739246127,13.128131314175928,53.1118224243038,30.96803167397421,0,0.4415103352580142,0.12041056610892098,0.18870328303917988,0.1320922981274259,0,1,1
2024-01-01 00:00:51.900,3375.6935616858946,87.81138849501282,22.971871314793727,78.91590580322968,11.021699335743708,13.049138817395283,59.11715006395088,55.36039737452419,0,0.4538416788324769,0.11979338908374997,0.209702874507233,0.14679201215506307,0,1,1
2024-01-01 00:00:52.000,2165.2973594393143,78.31550543288029,43.50422837817024,92.51372403745408,15.122946270512552,13.27621736205732,57.66204356472373,57.8831976916004,0,0.40546107194148917,0.06531448454518445,0.09886323114923432,0.06920426180446401,0,1,1
2024-01-01 00:00:52.100,3271.680096189968,68.73146555202923,99.7051800520682,77.53364589834962,30.74333004770244,13.301537567245411,58.12842516604138,37.31323487691322,0,0.5081187078894974,0.25858109963816717,0.37288575585265227,0.26102002909685657,0,1,1
2024-01-01 00:00:52.200,2668.6881205270765,56.60273851725252,47.34963330948609,85.17167598238396,24.96400117733941,13.72602583905073,57.4609594666268,51.41187346930362,0,0.3779326352164481,0.022261358974963313,0.02976838184443239,0.02083786729110267,0,1,1
2024-01-01 00:00:52.300,3285.29933429658,45.6084114491478,33.72940627655204,98.14583182450473,40.750650393485415,13.315638364892672,59.732210951331496,53.60980812908879,0,0.4312975051814605,0.10941015706792993,0.1655556242839687,0.11588893699877807,0,1,1
2024-01-01 00:00:52.400,2618.3704217287413,54.416898358934205,58.436030039545045,87.09108983303973,31.80128173741528,13.24309544451564,60.2774135951448,49.415141583928495,0,0.39146335120245385,0.04740882105476747,0.06572277126561527,0.046005939885930686,0,1,1
2024-01-01 00:00:52.500,2097.5589496677403,76.33122929556279,49.653757744184254,84.13060017795513,31.442930685599396,13.316509878991631,58.52406428247527,43.67383264731717,0,0.4251993565451217,0.1081233821428807,0.15437482474569186,0.1080623773219843,0,1,1
2024-01-01 00:00:52.600,2186.2287810584185,88.26879458901914,48.40188980903682,89.0103113550766,6.121314495441981,13.835589700246263,57.19925550360156,58.12749778850845,0,0.4182427447675549,0.08301341874196941,0.1297990332351193,0.0908593232645835,0,1,1
2024-01-01 00:00:52.700,3024.042473330691,83.14865292408284,52.13701186431342,100.33953169081776,27.638603516334225,13.503913012313086,57.71512338817946,46.77296203225054,0,0.4238395114697543,0.0852352117545579,0.14058096935522188,0.09840667854865531,0,1,1
2024-01-01 00:00:52.800,3129.861250860741,52.667258673205886,81.13087129659083,80.84158876396987,19.46893198303089,13.446224692392926,57.75691695087298,38.11851069840054,0,0.44069117127055357,0.09516307843904466,0.174664049191084,0.1222648344337588,0,1,1
2024-01-01 00:00:52.900,2547.841687447796,43.20573850066484,17.382231293481688,84.74345044180328,14.490181964617506,13.466998350389684,56.03277755790796,33.60420411464256,0,0.4448664947424096,0.13085679962942756,0.19972573949874406,0.13980801764912082,0,1,1
2024-01-01 00:00:53.000,3319.296229388687,62.113293703668056,49.47264153622909,97.48715841589814,21.680153405325285,13.887618100297956,58.71541485470003,60.08679615999448,0,0.3981765873171713,0.06331893263704903,0.08527809125514901,0.0596946638786043,0,1,1
2024-01-01 00:00:53.100,2169.23996886552,33.473409516557226,21.472377400369236,99.28851171768866,29.45211534611484,13.275248482019029,58.39756212519841,54.93331181176895,0,0.46494378414749615,0.11372137840081535,0.22585096348508582,0.15809567443956007,0,1,1
2024-01-01 00:00:53.200,2966.960100676342,64.84751571277172,51.11025292684496,89.48284387854858,25.008315910042118,13.89465248728203,60.47827987695074,50.70378837703336,0,0.37622651327500434,0.02264889620377258,0.027014024556929028,0.01890981718985032,0,1,1
2024-01-01 00:00:53.300,2394.491900118772,57.78596120551997,21.626269770278117,83.80473648736678,11.2152619865794,13.563148889676452,59.82801687789427,46.47780290519357,0,0.38811898657354904,0.05971005211972035,0.06609442824395943,0.0462660997707716,0,1,1
2024-01-01 00:00:53.400,2674.0819460989205,53.00945247197637,31.652663727898315,100.4792175090458,27.424589135926205,13.451874185407396,55.86588740205698,45.76801268637499,0,0.40086342040454,0.08612282188064083,0.10132280028115388,0.07092596019680772,0,1,1
2024-01-01 00:00:53.500,3023.699335658207,36.07945399099807,34.09820171524187,97.972211958746,13.62412457924036,14.250270149380285,58.79775390617509,41.39410681246711,0,0.46718394132799834,0.16619506177837848,0.25595872743783815,0.17917110920648668,0,1,1
2024-01-01 00:00:53.600,2569.793317358024,67.70400159854574,59.51633438689418,93.39473493881115,22.166831189642863,13.18330815306042,55.17517031088813,46.54835484352092,0,0.3925138129408476,0.048790732376161355,0.06822889229327372,0.047760224605291605,0,1,1
2024-01-01 00:00:53.700,2807.7222278850872,52.009487405071326,58.369088878848274,85.9379882553129,16.966499325228657,13.3938942721299,58.3888611988787,33.03930227903861,0,0.40910818906363494,0.08330086488212435,0.11415852680847086,0.0799109687659296,0,1,1
2024-01-01 00:00:53.800,3503.14640460722,42.45124746434568,15.085652471072311,89.75485329580981,17.811337482643744,13.1302706282508,55.8836885193967,44.11149077225189,0,0.4018882208313219,0.06742663700929244,0.09374553126032045,0.06562187188222432,0,1,1
2024-01-01 00:00:53.900,2711.5540652384257,16.916066800775262,41.098682219996974,89.19819959477584,27.662429750405096,13.78573859116085,54.79033039008567,47.51249986919125,0,0.4383447572689853,0.10984148178391513,0.1779487201019201,0.12456410407134405,0,1,1
2024-01-01 00:00:54.000,3417.846056032571,59.58727642424046,25.80840290501655,91.65425652307788,9.59806280184102,14.006756680095505,57.31684744215157,54.87904037752335,0,0.40672960242931305,0.07761175721402105,0.1072038488993238,0.07504269422952665,0,1,1
2024-01-01 00:00:54.100,2435.146572671191,86.58377395004617,14.82990178649331,97.25500719065668,39.45195074276933,14.000976834421392,51.3275424203684,49.68058829301309,0,0.47756903566777953,0.2721153161250196,0.32686397616030105,0.2288047833122107,0,1,1
2024-01-01 00:00:54.200,3264.9020889576414,84.91888821821806,35.65965899151259,94.39708520568702,1.789139307055038,13.867184625943802,53.09464544778614,56.35938491100447,0,0.4431317509130857,0.10423524335076165,0.18341737772123518,0.12839216440486462,0,1,1
2024-01-01 00:00:54.300,3720.78431032895,53.14355615120592,33.830344230883604,84.61311961507622,14.02332316745143,13.44071385966121,56.16153274896795,60.79308084090744,0,0.3996616728312994,0.0640222595480787,0.08819593650834026,0.061737155555838176,0,1,1
2024-01-01 00:00:54.400,1764.1777499363554,50.966819094573296,88.53432972691044,96.8824822500977,23.70211889941741,13.390427706753046,56.601319969706125,58.465360750592815,0,0.47201546164952907,0.2398467021440084,0.3011332651768238,0.21079328562377667,0,1,1
2024-01-01 00:00:54.500,2601.5523722647617,67.03161384112536,48.65919650721392,91.56566070006578,25.843141664353094,12.99864906825178,55.61771881603998,53.76407877902845,0,0.40147342973880723,0.052818677766801145,0.0857248054710439,0.06000736382973072,0,1,1
2024-01-01 00:00:54.600,3288.53606359027,45.02421841217563,12.447649984915255,93.43532897929458,18.995242794282948,14.11076206055454,53.11740367884108,50.09490143344628,0,0.41537888568779574,0.09989721563747517,0.13329227184364184,0.09330459029054929,0,1,1
2024-01-01 00:00:54.700,2898.477306978504,64.52687849729199,28.704519916581155,97.33270429639302,19.426092969984577,13.64069342344454,54.56041251191919,42.15369593269153,0,0.3946014537016143,0.046785320381701946,0.07083356490784895,0.049583495435494264,0,1,1
2024-01-01 00:00:54.800,3185.5729366856544,71.49120417577035,60.42766590858797,84.44209875243224,24.105500853276165,13.352412928539156,56.898534770590906,55.91955241103453,0,0.3878515112451782,0.044742960817597995,0.058148693505156876,0.04070408545360981,0,1,1
2024-01-01 00:00:54.900,2698.00740664209,78.40399835826462,81.7688554573985,89.82087210646769,17.689305225423197,13.89841706669609,57.199599577292766,63.43797905777223,0,0.4518017637037393,0.13724938867806522,0.21490596410738783,0.15043417487517147,0,1,1
2024-01-01 00:00:55.000,3043.29489373645,58.49768885280071,8.280333755240832,87.34272724320392,33.93181257934906,13.208170644972,55.92350972076407,52.73684831720335,0,0.4220745869946318,0.060906662161260554,0.1253669596986974,0.08775687178908818,0,1,1
2024-01-01 00:00:55.100,2922.16138230396,56.94489374734551,2.4015122972190994,82.16070287317272,28.393491142316023,13.621986610266802,58.18954343794986,65.33807318740898,0,0.4508691516264959,0.14704063855522095,0.2181900642454424,0.15273304497180967,0,1,1
2024-01-01 00:00:55.200,3583.891030829904,46.830261198651584,77.41930350743564,91.7335498880246,28.728243510056345,13.44821125971275,56.590589842714266,37.79542633551133,0,0.4304796342118904,0.09578908278386195,0.15733183142366652,0.11013228199656656,0,1,1
2024-01-01 00:00:55.300,3127.2104216506063,47.5967946894021,47.79228354741808,102.55778275792213,10.33843276629583,13.691603141964093,54.22080440779929,40.76669292176367,0,0.42478067410646964,0.09735013322144201,0.1482647299912726,0.10378531099389082,0,1,1
2024-01-01 00:00:55.400,3168.801331037601,56.602816621477096,22.634145362472676,80.79961127747123,19.20611575594297,13.480927938244164,55.0746315288124,56.8416120619861,0,0.38302476443881467,0.04670324522836354,0.05078836664081397,0.03555185664856978,0,1,1
2024-01-01 00:00:55.500,2794.0615169387665,65.51048260224267,50.69258172244871,89.83859694475265,16.995340512792964,13.064721632666632,52.74982324113985,52.11432168122601,0,0.3844718118846168,0.025571193663677824,0.04272279405154656,0.02990595583608259,0,1,1
2024-01-01 00:00:55.600,2756.1968879637534,73.70376939349875,-12.714954780337557,93.20271467537388,9.943986243105345,13.522672911801012,55.25919749469264,60.51025741257446,0,0.4578062330319654,0.15871532989936293,0.23601447184920776,0.16521013029444542,0,1,1
2024-01-01 00:00:55.700,2783.7209060901896,47.95231573979483,40.06751013194322,90.61539100828092,23.60164183945767,13.814659242562607,57.61959663383807,49.87622687418608,0,0.37923772795948385,0.02536643482264429,0.033576079629167664,0.023503255740417364,0,1,1
2024-01-01 00:00:55.800,3197.226071189149,82.39032853439282,46.55642345686171,89.4343597374213,14.623542422201837,13.491235078243804,56.68589548473725,43.05619661977335,0,0.3887536185258053,0.05875682828846735,0.06671444069683609,0.04670010848778526,0,1,1
2024-01-01 00:00:55.900,2789.5077595898683,55.93314598436147,58.4854027907566,83.50391818277087,26.55403829850237,13.732534536476726,58.03925388707348,48.29125406235966,0,0.3900534102491776,0.0468989714947689,0.06303151216299596,0.04412205851409717,0,1,1
2024-01-01 00:00:56.000,3144.8874284482063,59.67949058477346,19.722080954149245,91.16393371470082,9.298084371056683,13.186341154297784,54.54938466755717,37.73852823261013,0,0.3982441616398088,0.07235545495311416,0.08991311875093988,0.06293918312565791,0,1,1
2024-01-01 00:00:56.100,4037.70039932272,48.79182481278265,41.71374322806718,86.21618011492036,37.19040612841821,13.492121762019044,57.7672746641036,40.97127461522372,0,0.43628502125177143,0.1277552831085426,0.18334646068549848,0.12834252247984893,0,1,1
2024-01-01 00:00:56.200,3435.562351715846,23.636396095905877,21.49150747880825,79.05039147510723,11.036673414079385,13.312646863473429,54.608386542099055,57.77955198334408,0,0.4822060071881293,0.21577787830516137,0.3067078005003489,0.21469546035024423,0,1,1
2024-01-01 00:00:56.300,2836.9882339160795,73.26068094541574,45.10767511348634,95.97296110256866,22.19302337200436,13.724094252031414,57.85808508005471,56.98229931575688,0,0.3856868947052691,0.03729501964063853,0.050684332541295084,0.03547903277890656,0,1,1
2024-01-01 00:00:56.400,3600.6069610819723,71.0526584563865,22.09307355273952,94.7919290992102,27.918593103880674,13.509447468678598,54.79112133995059,52.90403427844861,0,0.39852688366785993,0.05346173872008511,0.08095479554725354,0.056668356883077475,0,1,1
2024-01-01 00:00:56.500,2795.9623134892245,55.7800866432268,31.837983216795585,90.2583048842554,14.293595697998873,13.707022102900984,56.16921750236331,36.23137983231624,0,0.3898286194529888,0.04242029469426409,0.0604037422253155,0.04228261955772085,0,1,1
2024-01-01 00:00:56.600,1980.937732411073,61.00486075837308,20.083692104195418,91.14537344102853,28.524686434329507,13.82631312784736,57.62489940329439,47.13277139589689,0,0.4101678457610459,0.08399582601619038,0.11633706134701778,0.08143594294291244,0,1,1
2024-01-01 00:00:56.700,2495.956844541298,67.73908826556149,53.022724836473145,95.3715900635778,7.708164021995838,13.707485572536417,54.20773933743219,40.20000089071959,0,0.40618036149735026,0.06673975949778696,0.1008187787124966,0.07057314509874761,0,1,1
2024-01-01 00:00:56.800,2064.6040394870724,36.56181214670186,57.169022333133306,91.1216982838904,34.521176991825605,13.581935530288094,54.951292489602864,59.41226603030212,0,0.4379129900620639,0.12301056500230961,0.1837871813428863,0.1286510269400204,0,1,1
2024-01-01 00:00:56.900,2824.243257979346,52.06420983980558,35.30758860085172,94.52008777380657,20.141492649657582,13.20053632244658,57.01216128484704,45.33022293149919,0,0.377337177571812,0.03303383543281371,0.034125687695783655,0.023887981387048556,0,1,1
2024-01-01 00:00:57.000,3009.209189594776,71.9139701943274,40.76475989920057,88.51258899563075,14.035885920311204,13.499164166799927,54.08834802649423,41.3140183137476,0,0.37986404233717047,0.02186521745361502,0.03290772280176987,0.02303540596123891,0,1,1
2024-01-01 00:00:57.100,3838.218656137641,41.18565865246126,11.028171707329118,96.55991869286972,17.008182275725655,13.34007287939525,51.632489709261954,50.238369320971394,0,0.42670643146657483,0.10181971174943548,0.15382716836182253,0.10767901785327577,0,1,1
2024-01-01 00:00:57.200,3163.463686882081,64.40336898249944,34.00646703986426,91.6039286296634,28.089192693927195,13.396780812988732,58.480208303364016,44.87876434532311,0,0.37632378978802256,0.014124294184621886,0.022919814350660282,0.016043870045462198,0,1,1
2024-01-01 00:00:57.300,2890.449735595568,39.65127293064893,38.99590765916511,90.97025971802935,14.155447081495618,13.387639754774924,53.174585185439845,61.86995128162965,0,0.4086964491138909,0.048524098771896465,0.09605866986558576,0.06724106890591003,0,1,1
2024-01-01 00:00:57.400,3414.702790591745,66.9964497365029,92.4158618205995,83.64969455643984,12.506423105772225,13.206022327565329,54.351546135909125,44.12151281972648,0,0.4487244431294132,0.13188019824267275,0.20690385419553786,0.1448326979368765,0,1,1
2024-01-01 00:00:57.500,1894.4323454960572,59.46537776553775,17.76065948451673,91.43477927150856,17.784634024162617,12.912798423259805,56.26596729285621,38.80617392620295,0,0.4439851034104211,0.11956441630354026,0.19255653089754243,0.1347895716282797,0,1,1
2024-01-01 00:00:57.600,3117.807279054283,35.77302276141736,69.28354477504875,85.84022541252774,8.230378872300319,13.29955708550167,52.656886066411474,32.776691873939875,0,0.45134814002124285,0.17889124409380308,0.23494304413379796,0.16446013089365857,0,1,1
2024-01-01 00:00:57.700,3385.4325969434835,77.47109031685757,59.93717546931616,86.80858636735753,38.20543907941816,13.558013835577247,51.77805796734953,49.75370798069268,0,0.4131890355681227,0.09651331297915952,0.12781632729437387,0.0894714291060617,0,1,1
2024-01-01 00:00:57.800,2260.7068771100794,48.981126348029264,45.61272808980273,85.92312185841939,14.336054087852768,13.095546886371752,54.22118830726338,45.50455908913659,0,0.40113520507050887,0.09208564536483822,0.10477384751296807,0.07334169325907765,0,1,1
2024-01-01 00:00:57.900,8028.76649302204,47.84621344478428,93.12405897679632,84.66882534050387,28.31616786180404,13.504704670941488,50.047480837808855,38.56876314790618,1,0.5631110128644397,0.443639970975837,0.5604401922345416,0.6923081345641791,1,-1,-1
2024-01-01 00:00:58.000,3169.2482037472078,63.00853795846415,47.44210945213726,100.6238570150848,22.094700836477728,14.070080527293287,52.97774139981772,59.51381169004628,0,0.416111412443538,0.08121929042984379,0.12521909279842508,0.08765336495889756,0,1,1
2024-01-01 00:00:58.100,2792.3560430495995,77.22956024143073,47.78318391335858,96.65669530994202,10.15465949518032,13.806916966575672,53.96355080210429,55.33796117943393,0,0.3995422095761788,0.05239626475416249,0.08217651030451201,0.057523557213158404,0,1,1
2024-01-01 00:00:58.200,8899.074874227303,44.76267271532405,96.06109599852974,99.60183751072132,19.940452907872707,13.993062452736158,52.85348959974307,49.774256968502165,1,0.5736277046399759,0.045782483716409764,0.37968396644936403,0.2657787765145548,0,-1,1
2024-01-01 00:00:58.300,4135.346428902198,60.92519774771957,64.47137764837255,83.88552490222219,27.84002779310748,13.617338363079815,50.22641142694182,60.91460995336693,0,0.4299727933990622,0.11692221143955102,0.16702259051617221,0.11691581336132054,0,1,1
2024-01-01 00:00:58.400,3090.9331275292475,66.4322475049586,61.92938467621767,90.35626874955446,18.117386649136936,13.850252946895932,56.42158914564126,55.3002882671889,0,0.38397369847560564,0.031078235043606073,0.04461559018981137,0.03123091313286796,0,1,1
2024-01-01 00:00:58.500,3124.110293150168,70.39658410894717,27.486454250075752,83.53246187397951,31.93112945851028,13.282810580859664,53.3602294610515,43.417152787852544,0,0.3955097065214336,0.059284658001024365,0.07865266647524391,0.05505686653267073,0,1,1
2024-01-01 00:00:58.600,2770.319550229878,62.64662332915838,13.615056108024651,86.52152561401468,30.21515392781864,13.306697919893404,55.93537730859656,41.68623868807387,0,0.40003039377474997,0.04977165128371634,0.08170777075270604,0.05719543952689422,0,1,1
2024-01-01 00:00:58.700,2575.077815267604,54.494582413750166,35.94038725208686,85.40936508291712,29.189148546583294,12.678257938158758,52.472920492632106,56.54385235563089,0,0.4408089906818884,0.14797704098852843,0.20127461876151934,0.14089223313306354,0,1,1
2024-01-01 00:00:58.800,3415.167908272123,47.5861466902692,23.99922871204707,96.1979200322078,15.403432277270031,13.85584364221269,51.15288894953139,53.17093565173881,0,0.4031846451407636,0.06457023865998415,0.09455751316164136,0.06619025921314894,0,1,1
2024-01-01 00:00:58.900,2571.9580870455666,61.29215824569562,38.7295085076929,88.01885160949121,9.20157552218513,13.962097193945963,53.37119467334316,51.35798214376529,0,0.39599017871320413,0.0732364401422832,0.0864587986202637,0.06052115903418459,0,1,1
2024-01-01 00:00:59.000,3035.7831186096964,43.9179148202159,64.74876269368278,95.34189666847008,13.864123946372056,13.334046826395818,52.32117850009632,43.22801757704874,0,0.4015229264839475,0.07058381641462767,0.09469290363839064,0.06628503254687344,0,1,1
2024-01-01 00:00:59.100,2761.171276617441,16.17974274758089,30.8539668982642,93.0206044479426,21.96240940666721,13.42381448808083,50.31714975668996,54.86358053604603,0,0.44275521474552926,0.0848818407542668,0.1730900335811057,0.12116302350677398,0,1,1
2024-01-01 00:00:59.200,3239.489912873196,66.54839706236501,39.1435323737685,101.51819376052394,25.457867135323557,13.27384136589271,55.53216111016759,43.956008934928406,0,0.3978598548418677,0.07908883142995177,0.09261573673871133,0.06483101571709793,0,1,1
2024-01-01 00:00:59.300,3166.8310526434743,73.55902261629294,41.1604546961679,82.60277888430139,-1.7157140476044752,13.614796065443247,51.267972066724525,49.184106763250576,0,0.4111664861345675,0.09462164995771744,0.12337559297037115,0.0863629150792598,0,1,1
2024-01-01 00:00:59.400,3518.7699721289496,24.55601346687242,56.96861764410569,96.296166198934,19.918867983882496,13.837479763590972,48.751899662841296,61.57555317109584,0,0.4528559939139797,0.1590329282109116,0.22761941104347072,0.1593335877304295,0,1,1
2024-01-01 00:00:59.500,2744.9918005726263,44.85403942935093,-4.937786679692103,95.73220435200363,21.580892253231845,12.977168407835688,55.00868446026702,44.71332611351883,0,0.45593784921143277,0.14365120521834412,0.22525390010253196,0.15767773007177235,0,1,1
2024-01-01 00:00:59.600,2865.0625323533145,69.28731391507796,27.865994104694067,85.13310580986483,17.224557436844485,13.622831559192676,51.26367624064703,37.41608594341712,0,0.3944509585464898,0.0577914436226503,0.07607657555883689,0.05325360289118582,0,1,1
2024-01-01 00:00:59.700,2510.6181421088463,90.86243204567548,44.225673845589455,95.0356666823658,32.91273839015879,13.416998468484255,50.97654440696095,41.57962246503912,0,0.42797828003681476,0.10496026382273574,0.15759515935784774,0.11031661155049341,0,1,1
2024-01-01 00:00:59.800,2777.8533699619443,60.31190561513112,64.00157912853723,91.68072481513114,24.217800742508707,13.534018317590007,48.58133693805217,57.95439061350098,0,0.3839530430382403,0.021365599207257266,0.03972358031525752,0.027806506220680264,0,1,1
2024-01-01 00:00:59.900,3188.650246522426,49.07995588156298,30.161951049875896,88.86261870023296,33.10191908080897,13.637698200502289,55.51391500522602,52.03784909904168,0,0.389813606160715,0.01979659362523843,0.0490659491864891,0.034346164430542364,0,1,1
2024-01-01 00:01:00.000,3378.494308322676,57.2565533834274,2.4689458791625185,85.88032256514,17.840394796497677,13.443539268368154,49.37299077753258,48.96898097048997,0,0.4069733010594435,0.048926882662762815,0.09328251531288301,0.0652977607190181,0,1,1
2024-01-01 00:01:00.100,2538.917337911187,80.62314628722277,52.39422891932273,86.40445274275407,29.37477492506925,13.468923943978266,51.988770833283176,45.92724955750744,0,0.39905813753374536,0.05335682228717252,0.08182032756611432,0.05727422929628002,0,1,1
2024-01-01 00:01:00.200,3434.8029600528303,50.31053731313197,27.29275222348741,100.24906047892964,36.3506639452752,13.435837449733608,53.61703243687268,53.88287926042552,0,0.43062088324804754,0.09999962914726912,0.15968117856749384,0.11177682499724567,0,1,1
2024-01-01 00:01:00.300,7598.146838972392,48.0121199002462,16.206666818192772,120.4539452927674,33.116934492726614,13.791094860536484,52.55514557771791,43.20716119207821,1,0.5907952480186335,0.5175546890078767,0.6452350526330973,0.751664536843168,1,-1,-1
2024-01-01 00:01:00.400,3206.7174516118503,52.75884716726952,27.51309220573552,93.9106500076573,9.078584065712668,10.060220364445236,51.51232300764725,15.814899773092764,1,0.5947174884061885,0.9938084190558663,0.8901394276340611,0.9230975993438426,1,-1,-1
2024-01-01 00:01:00.500,3938.397906279033,45.70007087611931,36.30949284688301,86.04550309166224,17.463239224576192,13.566175061321209,48.14821983497672,44.14996344949635,0,0.39952003700669475,0.06056213701718215,0.08622113292230399,0.06035479304561279,0,1,1
2024-01-01 00:01:00.600,2613.105400448213,8.472709870186371,27.905106709235746,86.10073526889181,90.2730534364266,13.118714483672315,49.85202179993691,42.81872491779957,1,0.5735357860727549,0.6549081368958122,0.6840879606002412,0.7788615724201688,1,-1,-1
2024-01-01 00:01:00.700,2377.672648344292,84.3701768770434,-4.111321141981385,95.40992404624971,24.89254535076328,13.386426077036054,51.76699206747644,44.90010052139991,0,0.46267034398264834,0.15647422236935943,0.2432989512387107,0.1703092658670975,0,1,1
2024-01-01 00:01:00.800,2110.639875547861,64.84618909674043,57.941323937742645,83.25211894224233,26.86353555014533,13.769600748101752,49.73696317133732,46.99674042812831,0,0.41304981304857113,0.054969571828362436,0.1068038845148153,0.07476271916037071,0,1,1
2024-01-01 00:01:00.900,3748.022155744592,56.21469746810568,65.49750082557445,87.92393116047364,11.611073259742636,13.511308971937178,51.63795015122877,49.609361312530375,0,0.3834299207506623,0.06643382725195142,0.061353755217890216,0.04294762865252315,0,1,1
2024-01-01 00:01:01.000,3327.182828177029,55.62283096626684,53.03043982679012,90.17013705536117,20.67838513916937,13.69785944087674,52.51463796878144,51.88364636088892,0,0.3726460735412964,0.018590826817593838,0.01879810083629893,0.013158670585409251,0,1,1
2024-01-01 00:01:01.100,2972.2076645447723,36.552137869550144,17.24628659150367,90.55686300920026,-0.199273321561364,14.02995354009829,52.99607684267128,20.493077668572447,0,0.5286529153290386,0.46654814442580067,0.5123517530667828,0.35864622714674793,0,1,-1
2024-01-01 00:01:01.200,3139.98431315991,73.24664665720738,35.97016932104964,89.10453357491922,34.419450058018896,13.811581820762646,48.53863227536563,43.53879553802588,0,0.402310636235218,0.054703301939794065,0.08811378446765912,0.06167964912736138,0,1,1
2024-01-01 00:01:01.300,2437.2554763508115,58.83244204480797,39.86957369541084,91.97909890547962,14.876257593233063,13.527947501309924,55.304203020868826,46.867440181151686,0,0.38015548488297946,0.007144803322060193,0.0260511194335631,0.01823578360349417,0,1,1
2024-01-01 00:01:01.400,4222.875989808414,57.29280129614062,51.97588779123821,93.46427877908906,20.55863939844497,13.346703248941282,52.36578951993909,62.04049630886664,0,0.4245639532265852,0.09906123562078084,0.14874579421908413,0.10412205595335888,0,1,1
2024-01-01 00:01:01.500,3064.6105909876137,107.8966135176729,53.36680977436161,93.67318772729664,16.90350286011939,12.733935121183231,50.74732244341263,41.35997913294294,0,0.48246958785266225,0.3341689541201079,0.3663587976370108,0.25645115834590754,0,1,-1
2024-01-01 00:01:01.600,3054.6973973024465,64.48129362548529,25.316524024430084,85.07098095666086,31.46027575013415,13.449484523258144,52.849743836823954,51.3023729447993,0,0.38441693574804925,0.02647455794207759,0.04307965192544534,0.030155756347811737,0,1,1
2024-01-01 00:01:01.700,3362.883311949346,48.72313424857224,41.63991112827121,88.57922451035601,-8.375064413973789,13.402196251254946,55.32140613459054,61.9602424778867,0,0.4439118414611654,0.1460892374582693,0.2056923470944126,0.1439846429660888,0,1,1
2024-01-01 00:01:01.800,3240.5046158683567,53.60463605691685,49.145608092304826,95.9738143093847,19.83389657674091,13.617109858318612,47.633070308396775,39.49625176042181,0,0.385223236673973,0.05018926304311906,0.056330267516963434,0.039431187261874404,0,1,1
2024-01-01 00:01:01.900,3111.9420121395656,77.22668563795132,69.11644644293533,94.47323593786936,18.94181242502302,13.453828431907594,49.97990514544773,53.151801806915216,0,0.39558505381059306,0.04294336325302969,0.07061221688454314,0.0494285518191802,0,1,1
2024-01-01 00:01:02.000,2604.762772277344,61.69905615806647,54.09013079649446,83.13570274259467,15.463636124083171,13.403884482168962,45.5934870306037,43.58182532852384,0,0.3883265267403307,0.04595085820968734,0.059573454272747656,0.041701417990923355,0,1,1
2024-01-01 00:01:02.100,3235.734178567998,38.4258303252395,55.78113374751038,91.757399501761,37.26226545635632,12.966180320847831,50.65557333556632,45.96293006168612,0,0.43474528343266633,0.14466027418914715,0.18913833693688303,0.1323968358558181,0,1,1
2024-01-01 00:01:02.200,3941.012248237517,73.78843401862805,41.67653255858722,80.10887375312595,11.126705411442288,13.21800965125498,50.92097867404048,43.57511332837348,0,0.41623276200531145,0.1271073191040895,0.14837279542192378,0.10386095679534664,0,1,1
2024-01-01 00:01:02.300,3672.7100230774886,49.97783871691509,68.20918290407008,90.23467451030184,27.71796177235661,13.642995312240169,50.03178587922459,44.14514153267291,0,0.3971244847348172,0.07180315684577283,0.0877022026649781,0.061391541865484664,0,1,1
2024-01-01 00:01:02.400,3796.5933133196986,88.09946664326318,48.19525591918995,99.48883508372988,23.562527887060835,14.014772289339808,48.72096288803341,71.77529718325195,0,0.5030508968664112,0.3181235524452807,0.3938999616821156,0.2757299731774809,0,1,1
2024-01-01 00:01:02.500,2744.392161784408,76.20072098571973,22.77824179652859,85.26053641365507,32.615192525355155,13.470742384876312,45.850920917573305,56.75564697657333,0,0.41315530760255437,0.05246557012513619,0.10573417498690735,0.07401392249083513,0,1,1
2024-01-01 00:01:02.600,2505.1975898707096,53.29017156511873,68.06739940250381,85.8283847725421,13.328109152224949,13.598343322072235,50.61693723669341,58.81390289428967,0,0.40431362722078773,0.07981394923288788,0.10413021453479945,0.07289115017435961,0,1,1
2024-01-01 00:01:02.700,2937.106539950176,79.2152454260267,53.95806545078055,93.8201489078643,12.670311008762411,13.785743447085842,52.700658757620445,53.93594789469197,0,0.39320510033975137,0.04149657383404122,0.06577633624875762,0.04604343537413033,0,1,1
2024-01-01 00:01:02.800,3027.862456144347,61.01783265791105,31.139119577430357,82.28599242395177,30.960699074773984,13.256731819139926,48.52767279824285,37.149945692784335,0,0.4082096162159699,0.09716572753773679,0.11953825207078286,0.083676776449548,0,1,1
2024-01-01 00:01:02.900,3547.0957592354744,72.79160512683329,30.410140652015134,86.83622485057481,24.253213083301105,13.610044212985631,50.509749487675926,53.159663762586455,0,0.3845967108220594,0.03102337669263335,0.04566470706368561,0.031965294944579926,0,1,1
2024-01-01 00:01:03.000,2153.7676851425904,67.27099225941713,45.93151090281523,92.98220568790876,4.550626533232414,13.277852968100351,46.413260922709455,58.58343691605877,0,0.4200441623803519,0.09105751364508062,0.13693387455880926,0.09585371219116648,0,1,1
2024-01-01 00:01:03.100,3764.7751597303063,47.3046501751369,49.263695905351696,86.82857076155298,14.606949855367295,13.759447331547303,50.3838955968545,43.17280420768711,0,0.39741706802547866,0.057217141106723934,0.08091476966481766,0.056640338765372354,0,1,1
2024-01-01 00:01:03.200,2920.996050710505,50.34675251523807,43.94584531262413,88.82015006394514,23.86382653848061,13.54542091438552,48.60262479390008,57.72261333728901,0,0.37697484965827427,0.019508856322850324,0.02673710672204853,0.018715974705433968,0,1,1
2024-01-01 00:01:03.300,2786.55946502629,75.44941226371742,46.226173468857695,93.72092855157516,28.37764221546589,13.589535544194431,47.78447340810349,55.63468967883263,0,0.38610042408939227,0.019000822879872967,0.042251800135898736,0.029576260095129113,0,1,1
2024-01-01 00:01:03.400,2493.9478123699164,54.97837001840189,73.99914749152761,92.1077304176828,13.207693468070447,13.265220420774424,47.70850194679697,64.81632035850936,0,0.4372896318561355,0.10349655257435383,0.17295303144508162,0.12106712201155713,0,1,1
2024-01-01 00:01:03.500,2172.5716640671158,53.94527305137005,61.43086304469772,91.33409198147702,-9.14255989816941,13.712109707883236,48.36192598508313,46.65773589989105,0,0.4509749396786289,0.1991190318377786,0.24441205936614402,0.1710884415563008,0,1,1
2024-01-01 00:01:03.600,3411.585291980957,45.673161309759706,43.81271182530049,88.30438860364981,25.23223185737033,10.806899347919687,49.83393570045414,17.939227289715046,1,0.578425725212389,0.8413609100794562,0.7857640106575654,0.8500348074602957,1,-1,-1
2024-01-01 00:01:03.700,3036.658983594202,66.35398598390192,58.82621161534966,91.85030557634478,7.796793100560242,13.19762649137154,46.36466258659796,47.10697512501964,0,0.3899723229274567,0.05138085072925325,0.0651323353983578,0.04559263477885046,0,1,1
2024-01-01 00:01:03.800,2355.019550129473,90.93787378864718,19.34952192944921,89.38133659950121,-0.1733879812241134,13.398072297705744,48.114678245773206,61.48456794530899,0,0.4448238966465196,0.18487311559743216,0.22666028929167015,0.1586622025041691,0,1,1
2024-01-01 00:01:03.900,2352.460613968192,43.9870062861859,47.95854099893618,92.28902804962893,-8.323259249841406,13.569482242250428,48.745885272830535,35.372752953264296,0,0.465809009522416,0.21363930766201228,0.2773050107805439,0.19411350754638074,0,1,1
2024-01-01 00:01:04.000,2832.107650354936,60.36329185009137,76.1861269946622,87.5153398744101,28.13980860197741,13.735921863598746,46.55067029968504,33.45299427655174,0,0.4400024756531218,0.11342985062448994,0.18260739057541786,0.1278251734027925,0,1,1
2024-01-01 00:01:04.100,3834.510762644697,81.18330833123144,35.63908209215252,89.0871551281023,21.286174504049665,10.690668015438725,52.261999072018696,23.42787246113929,1,0.5815632871484988,0.7759700530476727,0.7584901920442217,0.8309431344309552,1,-1,-1
2024-01-01 00:01:04.200,2870.204324318197,58.80537913131428,23.047321427618304,85.05021103723993,17.743436192877482,12.65009091295718,46.881597628465904,46.45928565780675,0,0.42468901058448466,0.1162906066784156,0.15757657499120845,0.11030360249384591,0,1,1
2024-01-01 00:01:04.300,2248.428523440947,66.78557694374601,26.958222228138787,89.82496194996882,33.89024362962762,13.907756848249209,47.169634681241526,50.06182314540548,0,0.4154886789990605,0.071808581718199,0.11943767432722363,0.08360637202905653,0,1,1
2024-01-01 00:01:04.400,2877.128467957028,44.0640970777968,18.207339253152234,85.94499568185577,26.373246830230727,13.728151835875243,46.47181252878343,57.56249416988692,0,0.40197283118638283,0.07839504643833449,0.09937594004927805,0.06956315803449463,0,1,1
2024-01-01 00:01:04.500,2863.6382151261646,66.42460645811472,24.30476183744593,84.42976774919003,36.16300042721917,12.977115740854,51.94530852262458,45.57944523104918,0,0.42853627832895747,0.08734598986049665,0.14975222615274564,0.10482655830692195,0,1,1
2024-01-01 00:01:04.600,1651.5566785292142,57.192836024931765,32.58983802819942,91.29330573927696,6.072645278330036,13.317729362466132,49.37407872546723,35.01595335255504,0,0.43367597904180494,0.1782659864796213,0.20409346819496768,0.14286542773647737,0,1,1
2024-01-01 00:01:04.700,2972.852566741094,74.78594993519795,11.88865961642716,91.0636988792883,19.654493760460365,13.970454728858195,46.3150041757009,66.35585245759955,0,0.44352572047588157,0.12975087250040646,0.19685595950526363,0.13779917165368452,0,1,1
2024-01-01 00:01:04.800,2884.532734895661,77.81079077347127,40.31236667899206,93.91436867474286,3.832866250519857,10.678531410730065,50.32057122582804,15.100736619932317,1,0.5860128646082292,0.8408679661026393,0.7986278806857041,0.8590395164799929,1,-1,-1
2024-01-01 00:01:04.900,3348.103182406709,98.8434546302792,58.04554347573294,87.8443721521245,17.706176681445328,13.781592006803685,48.42942541660578,41.52770302390322,0,0.44431205581094463,0.15573199093668974,0.21120528184142906,0.14784369728900032,0,1,1
2024-01-01 00:01:05.000,3924.4780474726726,68.69449759820364,21.844876397061597,92.04026423418378,17.513841462333225,13.44716626981204,48.46245479017095,58.82976010978077,0,0.40328360062554525,0.06755721590125155,0.09622199379681644,0.0673553956577715,0,1,1
2024-01-01 00:01:05.100,3563.2825147738786,64.8869447487325,70.38567847283538,92.75398786136832,26.266136372630708,13.524896225643753,47.17891345036296,46.92408703166786,0,0.39270648793573437,0.05192402660248118,0.0701284758333546,0.04908993308334822,0,1,1
2024-01-01 00:01:05.200,2865.5556547225847,62.91576452366004,50.21584177055189,92.22386903915798,20.455638811418986,13.460722258462162,46.28895581387384,49.49288118372152,0,0.368551006575941,0.008641031002741533,0.006747053975301566,0.004722937782711096,0,1,1
2024-01-01 00:01:05.300,2446.7370456291646,54.70250560783968,60.61161171248115,85.8717315859893,26.23407138279916,13.838471934980651,48.38323990581691,53.86232099248255,0,0.39591264868682624,0.040519294541672114,0.06996625633431469,0.04897637943402028,0,1,1
2024-01-01 00:01:05.400,4286.67990162493,65.07725765192536,26.84330892295726,90.74681741135596,27.034401331388946,13.237247278051466,46.53745316763644,58.66866482487997,0,0.4265410840474033,0.11108640121289162,0.1581747978715421,0.11072235851007946,0,1,1
2024-01-01 00:01:05.500,3029.6092170072443,55.56897884791456,57.09050454133232,91.8207014802733,41.54928677383142,10.506691201006298,51.18105880669776,24.66409296123429,1,0.5914286757874678,0.9506783027090199,0.8628914030604944,0.9040239821423459,1,-1,-1
2024-01-01 00:01:05.600,6119.749253442771,62.52691464404421,18.16132199209374,129.2333354436499,16.847033447138756,13.803082376050805,44.92888525698125,62.1596160473144,1,0.5674489296365527,0.5159882733902373,0.6041101293439882,0.7228770905407917,1,-1,-1
2024-01-01 00:01:05.700,2987.937456444998,79.7639630341194,57.804950016730174,79.56761170814458,10.58977299333621,13.48669156334653,50.45970093309728,32.91360121012156,0,0.4488699875439391,0.20498966374576405,0.24371008319006532,0.17059705823304572,0,1,1
2024-01-01 00:01:05.800,3099.042380383928,44.90186152080538,43.436786795870624,90.8024481198674,22.460836153164088,13.913540206636142,47.0846696097117,56.078297895624615,0,0.3928309477729865,0.03226981574870549,0.060516433152591295,0.0423615032068139,0,1,1
2024-01-01 00:01:05.900,2927.8197940380287,77.09817841693568,51.06502439969567,101.0626551969862,11.977199728604566,13.298546337905837,47.82539869526944,43.28377953585874,0,0.41500901127023954,0.09263797743123173,0.1290235211964244,0.09031646483749708,0,1,1
2024-01-01 00:01:06.000,2713.1689965598816,79.75672601009798,16.488107887502967,88.19980365621508,34.81960768436536,13.483566491898353,48.81346268040601,60.97817053286393,0,0.42660528562889,0.09748311577707161,0.15148409349908482,0.10603886544935937,0,1,1
2024-01-01 00:01:06.100,2726.570529379804,58.22897209513382,22.098603154467902,86.35961451072339,17.167819610547674,13.223276104546814,45.80656847705819,51.13635583064436,0,0.3806344740963702,0.025464184852708557,0.03603848873254285,0.025226942112779996,0,1,1
2024-01-01 00:01:06.200,2983.6233648920006,28.172176514871083,51.94456436506769,91.86674279855698,14.344236321260096,13.50220880442707,48.71548375638426,44.61675734392479,0,0.41111778436826246,0.06223266440658549,0.1070969450501904,0.07496786153513328,0,1,1
2024-01-01 00:01:06.300,2728.2876144331176,50.88267019358352,21.033039915515985,91.56189105233284,15.28684278848882,13.05643591890036,41.49181919614455,55.30272874417306,0,0.4027581095394907,0.0680397409479991,0.09555522399003438,0.06688865679302407,0,1,1
2024-01-01 00:01:06.400,2643.5771086614177,79.45491819841664,49.26412584198246,95.96367582708208,27.18417423471641,13.353709973713512,45.38684776038295,57.145506777658014,0,0.40132305512217803,0.03488340645743813,0.07649732713366476,0.053548128993565335,0,1,1
2024-01-01 00:01:06.500,6232.034774246006,59.656979065516765,12.657243870795083,123.45835648573951,18.422530167685142,13.069123840521565,44.89862113206461,55.13515298286911,1,0.5560421638385392,0.5317815153195492,0.5922962121054578,0.7146073484738205,1,-1,-1
2024-01-01 00:01:06.600,2872.511391289572,45.01046651557634,56.96348425333336,93.65690126287495,13.583331798696175,13.708176969957378,44.15965464192314,41.76243008293552,0,0.4002390180986321,0.06438638443388188,0.08937563370150316,0.0625629435910522,0,1,1
2024-01-01 00:01:06.700,3751.996494291344,52.42837618157674,15.34953370462982,92.95211030625732,36.65351917623531,13.714976801927897,46.15667691042868,46.12786301102332,0,0.43352119206768447,0.12273712041007036,0.17606156806033396,0.12324309764223376,0,1,1
2024-01-01 00:01:06.800,1674.515095803494,72.60930039756829,51.04599875359047,89.28926731529727,11.4383015933825,12.980921180854695,47.278006442869895,49.96741730302852,0,0.4297304812628333,0.1377406717408867,0.1770131127961948,0.12390917895733636,0,1,1
2024-01-01 00:01:06.900,3545.7534259612307,68.20100352302069,52.51261867292001,91.69343658960844,20.35566074032993,13.900165723650172,47.83174642342504,49.66992277879952,0,0.3913364866668981,0.03825038836527766,0.06092433693051441,0.042647035851360086,0,1,1
2024-01-01 00:01:07.000,3623.0425962488143,56.416018512454585,26.064563631408504,95.14728740799178,26.523061516102302,14.249224537925956,46.82809986074716,55.99796380350678,0,0.4357554263249786,0.08719059169653541,0.16214899133957747,0.11350429393770423,0,1,1
2024-01-01 00:01:07.100,1963.3048837959248,54.49763382277969,51.64053134169454,94.36157690014224,3.686648895829269,13.513801916020904,44.93487933647917,33.88079013994714,0,0.435946527220166,0.19337117985417424,0.2155695018497635,0.15089865129483446,0,1,1
2024-01-01 00:01:07.200,2828.656202959826,54.12362776434267,45.20884526667112,84.28490343963136,24.80260501405925,13.307665721932606,46.92421906183652,52.674616436428025,0,0.38177854470635725,0.019399340783353574,0.034982985297282894,0.024488089708098026,0,1,1
2024-01-01 00:01:07.300,2814.279567002104,6.073768329125413,29.223162876145235,94.10079093377742,95.00300562597036,14.347299177300911,46.354677495807806,47.68014916450688,1,0.6035834037373329,0.6684529969446618,0.7427817438267758,0.819947220678743,1,-1,-1
2024-01-01 00:01:07.400,2296.2441526410894,84.23063534204162,19.82890631847584,89.67655697483741,28.227827808340024,13.104309450509248,47.898138361898056,43.29199506892838,0,0.42903891386539833,0.11204813379174706,0.1629718367662865,0.11408028573640053,0,1,1
2024-01-01 00:01:07.500,2611.0916562045622,55.1651929618299,0.7474861665484198,90.36437049007758,10.373489880810236,13.50603194006073,47.49981935180898,44.060105777843205,0,0.41582084023371757,0.09574349886160166,0.13197909723038043,0.0923853680612663,0,1,1
2024-01-01 00:01:07.600,2444.712077267085,78.25737781238244,46.99300094599387,90.36598495500849,26.927690318488605,13.553886681789576,45.92681869370712,48.28369868385629,0,0.38514686485638905,0.04726268623115514,0.054735010974281614,0.03831450768199713,0,1,1
2024-01-01 00:01:07.700,3876.135221711812,82.81974077883677,8.703944572758896,89.2487850560087,31.058330662947128,13.903544286135723,43.99127977346327,21.191319164323858,0,0.5403564501909031,0.5883878165495745,0.5934949350877213,0.7154464545614049,1,-1,-1
2024-01-01 00:01:07.800,3467.8391965737305,74.9746634722194,41.906883988826166,95.95853748553532,28.61436525632805,13.607921692538037,44.39980539404154,44.3896834336676,0,0.4005374812814349,0.05818239183408308,0.08678937254257629,0.0607525607798034,0,1,1
2024-01-01 00:01:07.900,3635.77754749708,53.52569530922928,34.73103567835502,89.58141020075394,22.513166482381024,13.350409831263464,44.52604690634956,42.99348140282965,0,0.3827045164246617,0.01803312742052828,0.0358999290816989,0.02512995035718923,0,1,1
2024-01-01 00:01:08.000,3360.836032021617,66.05595135504915,53.58285550876391,84.40226935808415,17.686990570703006,13.214644688883611,44.91501287771303,54.262265674581,0,0.38809281267816614,0.04122199035365253,0.05680516967991531,0.039763618775940715,0,1,1
2024-01-01 00:01:08.100,2435.474114391385,59.63706590413626,33.959090010202715,88.03235072015136,14.23580423665156,13.39745345392616,46.00156632064497,43.55578653991584,0,0.37853454075669174,0.014330014618251329,0.02684278380766594,0.018789948665366155,0,1,1
2024-01-01 00:01:08.200,2737.739866860113,46.44447208904808,33.411044273058174,90.89347358405236,34.71034690817104,13.197921791716457,46.8157341656415,48.27908959863608,0,0.40683944639638253,0.05826811879200654,0.09772183666319892,0.06840528566423924,0,1,1
2024-01-01 00:01:08.300,3244.687280613959,64.86538922582405,54.63741408576591,96.14607392148524,13.005047798323568,13.514347595935403,45.20306791927455,62.338213021290414,0,0.405664194805198,0.04380140157729613,0.08845767968612242,0.06192037578028569,0,1,1
2024-01-01 00:01:08.400,2388.936095554028,42.31440313260296,46.70116058168235,93.01547342474416,9.62933926430004,13.330741146041854,45.25747480102617,57.95481215852339,0,0.4099870088964945,0.0691766717363549,0.10861500370294991,0.07603050259206492,0,1,1
2024-01-01 00:01:08.500,3356.499215086194,77.81519082692346,46.32311914365557,85.74732360626479,26.6536893503283,13.051788662013076,45.43175775514515,57.21817119954762,0,0.41634316308704794,0.06212603466176638,0.1160729228525437,0.08125104599678058,0,1,1
2024-01-01 00:01:08.600,2879.8373009209326,53.03074054052411,49.385351796170525,102.42594958339446,12.038631968135046,13.87654373651247,44.033254438800384,46.00102055671319,0,0.4105739392778683,0.1168762881001011,0.13347900941544066,0.09343530659080845,0,1,1
2024-01-01 00:01:08.700,2812.589596225201,63.01739483809259,9.288557535857883,91.32387655488988,10.499365025338728,13.350698242971289,43.134200469699074,54.344258234317216,0,0.4011707996654738,0.062466263832588194,0.09002566310511383,0.06301796417357967,0,1,1
2024-01-01 00:01:08.800,3355.4799841017457,64.24931807319213,55.13577359973964,96.37695368999508,5.563957378302352,13.119558958507406,41.39402911028348,48.12881759637125,0,0.40777503279429694,0.08224311100795648,0.1113259971057467,0.07792819797402269,0,1,1
2024-01-01 00:01:08.900,3222.13165574302,56.11642539443884,52.24937588027205,89.24142783211386,15.170901605394825,13.449522259653737,43.43452610867108,48.4312543145845,0,0.37135285693094916,0.006985271154006988,0.01076068473327143,0.00753247931329,0,1,1
2024-01-01 00:01:09.000,2819.51691709046,68.80040702212912,19.66633742847005,92.66679622352724,19.172849761035067,13.520511469790298,45.69103565128032,53.2774827499724,0,0.38126490624807546,0.024704947633151828,0.03674823736592011,0.025723766156144075,0,1,1
2024-01-01 00:01:09.100,3579.664901682124,52.876445150662136,35.118390526515974,94.19734252259202,22.430917276606987,12.97605998232629,43.25884178858553,45.22405129263254,0,0.40346654265464804,0.05513901924513018,0.09032901363208537,0.06323030954245976,0,1,1
2024-01-01 00:01:09.200,2459.4683362000515,73.06945946185866,39.21385424744738,96.09097355877128,29.513062442994837,13.599494300137728,44.10897050973271,61.944024835545626,0,0.41709652068061004,0.07363931231432437,0.12313134028035691,0.08619193819624983,0,1,1
2024-01-01 00:01:09.300,3307.967803472132,39.81030479629877,37.31006431196535,95.28684152689112,25.268979236657938,13.18585272939292,45.437367079329135,48.7189588832165,0,0.4075589069576119,0.0677210510685587,0.1036915083804189,0.07258405586629323,0,1,1
2024-01-01 00:01:09.400,3296.550628984192,61.89569369319618,46.67719933137069,94.36098500036488,18.0912778044682,14.013308642757236,45.46580341726976,54.94688453007732,0,0.40195369831047717,0.03872126987337531,0.07950599074949055,0.05565419352464338,0,1,1
2024-01-01 00:01:09.500,2845.226780343005,89.08393498587427,68.62733563662367,88.42456634402946,18.0180432362028,13.65718815362302,42.18527864001226,61.64480383405839,0,0.4197122837294117,0.0886256603202492,0.1351444718608535,0.09460113030259744,0,1,1
2024-01-01 00:01:09.600,3163.066511121059,44.995030130916376,61.63533455345657,87.1412697902197,25.101574689151835,13.380030002967205,46.25838297717154,58.2532301966014,0,0.40241793260320363,0.05120782173329483,0.08655144916693575,0.060586014416855016,0,1,1
2024-01-01 00:01:09.700,2374.4432118073487,49.83382544212723,13.755616131371871,91.663037551621,32.725701629285695,13.276449668904794,46.43888436289515,38.7286471784758,0,0.437535011071422,0.10299613945478071,0.17312683257361058,0.1211887828015274,0,1,1
2024-01-01 00:01:09.800,3462.0135096034505,67.70861774488372,52.44139980612097,94.66564036170534,21.263141994832,13.468509687730911,41.84440438966698,53.55916716007907,0,0.38674130097962006,0.022017096654790652,0.044867352451363834,0.03140714671595468,0,1,1
2024-01-01 00:01:09.900,2907.548931778505,62.69372672909397,66.5786663907082,88.88639649611696,15.308691457895913,13.683837222474986,42.37635028474171,56.805755155685176,0,0.38599785301964495,0.04021350163630463,0.05268089988067279,0.03687662991647095,0,1,1
2024-01-01 00:01:10.000,2738.63848974048,65.25945148910338,47.73617041378405,95.32585982857194,10.071339989144546,13.49235176142444,46.32612531023633,57.13490417728599,0,0.38867640050149166,0.040833932292960104,0.05761956234334799,0.04033369364034359,0,1,1
2024-01-01 00:01:10.100,3524.5046129184448,67.33780695221495,61.81960850371934,97.2630837274309,5.547947355877746,13.434852357858944,43.57015682135326,41.09364132708295,0,0.41778807591393174,0.113981335531514,0.14449733792507904,0.10114813654755532,0,1,1
2024-01-01 00:01:10.200,2647.8281547286206,69.52082202842655,80.2454089140153,85.4183954046329,26.662696720435232,13.517511087245367,39.34422788888008,44.74371810386141,0,0.425496223861587,0.07761792745116869,0.13963507493317712,0.09774455245322397,0,1,1
2024-01-01 00:01:10.300,2295.76935181822,76.64549762934334,60.47419092213963,85.8153964810186,25.77978523639557,13.318842320628914,40.90434069423833,57.95646588593297,0,0.4101306169369806,0.060616849784621486,0.10458324297566457,0.0732082700829652,0,1,1
2024-01-01 00:01:10.400,2221.685413238048,66.14727985392769,44.98617191283458,89.29812470547331,25.77363525106661,13.397038221947088,43.12488437327866,43.90591703453883,0,0.3804441177391865,0.03081288127485567,0.038383907050873134,0.02686873493561119,0,1,1
2024-01-01 00:01:10.500,3303.00497567282,56.38113518072186,60.90176948169507,91.53806334094598,18.71340553647944,12.8742622683285,41.21745824297434,47.60243154668549,0,0.40859462108195194,0.06542243273457303,0.10433188115981437,0.07303231681187006,0,1,1
2024-01-01 00:01:10.600,2359.7853237518584,70.08860551804096,42.89775666193783,87.37716493116474,34.069347458917505,13.79211786925571,42.63661592219058,62.60700647601576,0,0.4220538268695064,0.06890990938431472,0.12933271045663625,0.09053289731964537,0,1,1
2024-01-01 00:01:10.700,3877.3970909921823,88.49822902342824,40.47806086569911,96.76101339433572,15.158815054151823,13.589639334096528,43.44817581075054,49.61760599692168,0,0.4314796612224081,0.11827804945605008,0.17030433047815646,0.11921303133470952,0,1,1
2024-01-01 00:01:10.800,1959.035296058139,58.010493804261394,32.97171528572535,92.12033430759226,29.552692372072052,13.267963246789972,46.22781251137276,44.18580689732926,0,0.4079502640495357,0.0691247250315935,0.10506959830234436,0.07354871881164105,0,1,1
2024-01-01 00:01:10.900,3848.228184145019,45.38206042994038,71.26826717664215,90.1972352412037,19.61257105010457,14.069620494406571,42.64231539076764,42.97906114509676,0,0.4489695793498717,0.14156850129127305,0.2121715935206127,0.1485201154644289,0,1,1
2024-01-01 00:01:11.000,3105.5087336013094,76.60621003930459,23.63142668115997,82.82045238065736,13.916492353206625,13.526104944117716,45.28822674228866,52.6617546366815,0,0.395360268903951,0.054799419968558784,0.07615182388183407,0.05330627671728385,0,1,1
2024-01-01 00:01:11.100,2951.643444064804,58.19428254069603,70.64735449356232,83.42092091786246,25.925303073177613,13.18915692840744,45.9205833871366,39.33481593218233,0,0.4161271793188647,0.0674809213166331,0.1183771529143216,0.08286400704002511,0,1,1
2024-01-01 00:01:11.200,2727.540456595525,27.409956809789456,49.99728247480743,91.40504625140905,24.096361186839932,13.757021226441138,45.85160232168713,48.02131228882865,0,0.417450169384883,0.06663067240635212,0.1202381143401791,0.08416668003812537,0,1,1
2024-01-01 00:01:11.300,3199.5680571760354,72.71132515725633,12.013876503961171,79.33702186922582,23.56972759266926,13.61941446495278,43.47241208967404,52.66584427992017,0,0.4111157285775062,0.059379589613557694,0.10566685531088663,0.07396679871762063,0,1,1
2024-01-01 00:01:11.400,2981.182648787576,51.97007721069116,47.35298585982843,95.06318704822036,20.812784220561987,13.618373995645266,38.89624452714487,60.393198564381336,0,0.39335874422262895,0.03566711503416425,0.06312709872239403,0.04418896910567582,0,1,1
2024-01-01 00:01:11.500,3551.650941008261,58.64200076543759,-2.0005301530324786,89.2092307781384,19.62106918283169,13.372273318604522,43.66439247355047,55.34038464295997,0,0.42474889072066324,0.07622730415536244,0.13764839475141227,0.09635387632598859,0,1,1
2024-01-01 00:01:11.600,3057.11382433102,64.97970495853522,52.51016033662072,106.21546484797366,43.88371992870439,13.63514871713341,44.75946243828975,44.28747905614257,0,0.4514327131488379,0.27349879484842043,0.28239295925763463,0.19767507148034424,0,1,1
2024-01-01 00:01:11.700,3075.1508807309388,62.857495196686,57.70462965977982,101.53958125308056,31.84256645196173,13.421472512933672,42.42044837171175,59.42735454050976,0,0.4212239461959066,0.10766158960325833,0.14727454245103627,0.10309217971572539,0,1,1
2024-01-01 00:01:11.800,2818.193893893072,70.6417772570856,28.15288088695893,89.09275465376241,27.22826894985512,13.666782435493753,45.991670242653,47.60387969962018,0,0.3828070993726124,0.021636066284644616,0.03787865867236667,0.026515061070656668,0,1,1
2024-01-01 00:01:11.900,2971.5271881394665,9.95132819864464,42.47095391911164,89.46831498734342,99.98659842986171,12.928516663796808,44.14208954535734,40.11437582360473,1,0.5829730612640267,0.7349161515026396,0.7403992873038605,0.8182795011127024,1,-1,-1
2024-01-01 00:01:12.000,3153.900884446029,67.69658697264124,79.08314867500573,94.97790757001016,30.071572005966694,13.369837961106244,43.47888909664791,48.62366912587622,0,0.41471813974872007,0.08009583283486144,0.12224983191296487,0.08557488233907541,0,1,1
2024-01-01 00:01:12.100,2144.915803671687,56.10679983624125,29.885065914761267,98.5158630495902,25.17994776391452,14.016646529342458,44.435023684673936,61.50535360916562,0,0.4361232244162815,0.10698446731049581,0.17268147286316024,0.12087703100421215,0,1,1
2024-01-01 00:01:12.200,2325.907288947144,71.08215721331254,18.82184825886799,81.80985471281991,20.26204752774036,13.26987976337991,42.84892188470394,51.3219204005194,0,0.40721466142827,0.054950734093285304,0.09671150427418006,0.06769805299192604,0,1,1
2024-01-01 00:01:12.300,3371.6320470113574,69.23051226019581,69.63326804925197,81.06812267322657,16.96435674734085,13.318848510752044,37.11648110331139,50.10017491463829,0,0.4126213908950409,0.06476009987982603,0.11095884832103006,0.07767119382472104,0,1,1
2024-01-01 00:01:12.400,3085.432719063971,45.96841946933107,79.25174381061589,86.8898259722281,19.19082662337312,13.365611598465009,41.02374411908129,63.09769315762283,0,0.44161916559583164,0.10773830329864924,0.1825552070889557,0.127788644962269,0,1,1
2024-01-01 00:01:12.500,2908.00833182366,76.28973174262549,40.07391343695695,92.91368791586932,-11.704257358780556,13.135558159233408,44.33627799643765,38.54916122356458,0,0.4667924569293505,0.22062667093174881,0.28249805909203696,0.19774864136442585,0,1,1
2024-01-01 00:01:12.600,3009.2169665326965,51.96054832328928,60.229260708167125,92.48436795253798,22.106008392976417,12.837515767131524,40.24667918166527,39.715207087577824,0,0.42068297803872323,0.09541650634981376,0.1402172245943394,0.09815205721603758,0,1,1
2024-01-01 00:01:12.700,3173.7908526808355,72.12086697421718,66.82951831061763,95.34885727491924,15.115239198896404,13.430824080442916,41.33483677130791,37.07322823226534,0,0.41370795238249886,0.10554575905905489,0.1332292225265233,0.09326045576856631,0,1,1
2024-01-01 00:01:12.800,2730.120159845319,65.50930970102011,25.15031534923232,84.00151235817346,35.92669998282884,13.540757827224498,39.61202907389556,52.98118549184044,0,0.4142602032144552,0.049701150991502324,0.10626119083547482,0.07438283358483237,0,1,1
2024-01-01 00:01:12.900,2610.8476372988434,87.57275515192684,30.293883292642636,78.41928068515561,20.193440708117546,13.484248479438405,45.18946681202516,51.331945016921,0,0.434987527658607,0.10752285545994252,0.17098821809605003,0.11969175266723502,0,1,1
2024-01-01 00:01:13.000,3097.922627548841,9.647128725132571,64.6174902630947,94.29007097651072,92.95171177603616,13.456536431415634,44.904526456377575,62.34189093823821,1,0.5791522460572777,0.6091437824276589,0.6709108523622234,0.7696375966535562,1,-1,-1
2024-01-01 00:01:13.100,2510.813611192484,54.76024805822704,73.70028557417018,85.85901863517383,19.50119845871882,13.512912261255115,39.69372367118,51.94780061709416,0,0.40509392060287386,0.06107009145807,0.09610660845769844,0.06727462592038891,0,1,1
2024-01-01 00:01:13.200,3204.126377857236,59.708705911684014,51.25761720348709,79.90756067805681,9.538789149374958,13.80685244146523,41.67597738215955,46.76674272416558,0,0.4120604455901969,0.07868043049385587,0.11694971750530425,0.08186480225371297,0,1,1
2024-01-01 00:01:13.300,2148.70819788108,55.452303257485866,22.403712929958917,90.72531872979692,24.734074157124663,13.442866144221234,39.94031320577321,50.014358983024856,0,0.3912900099496278,0.039119637930477826,0.06127865138435559,0.04289505596904891,0,1,1
2024-01-01 00:01:13.400,3514.5778186628218,71.99912852913076,79.74122223398882,93.96587844109338,22.90947364339485,13.327775226873818,42.45111049928398,50.94165934768766,0,0.40956901783729965,0.0975347245947007,0.1220717545207234,0.08545022816450637,0,1,1
2024-01-01 00:01:13.500,3236.2987412065213,35.75534087345118,29.38058204376071,89.38971433939362,29.57839631108268,13.415662354533572,42.1605072956258,36.62590981337466,0,0.4246308634770583,0.1169196716334598,0.15779063106703817,0.11045344174692671,0,1,1
2024-01-01 00:01:13.600,3128.0148671569377,44.194763712804686,33.297244376570966,87.71075806908755,12.091182083054344,13.673804027927032,42.6844722042876,71.68265315467914,0,0.4434515557319376,0.14631841653983618,0.20501157714320875,0.1435081040002461,0,1,1
2024-01-01 00:01:13.700,3491.345491972757,43.9829561763121,46.84675668979243,89.20318883927047,20.34008096228147,13.923608063562977,41.64481787639676,54.15896814481529,0,0.4024402381028483,0.03932281106556111,0.0806474870459894,0.056453240932192575,0,1,1
2024-01-01 00:01:13.800,3832.737222231288,74.25461387960364,71.08320841429548,88.14708618799608,6.349782045733647,13.311556878249249,46.77171331367784,51.68006646418071,0,0.40532819947611065,0.09102208215611121,0.11148743044758316,0.0780412013133082,0,1,1
2024-01-01 00:01:13.900,3507.1850325090654,85.65920058872888,57.07951953104448,83.25976444029916,27.014947819247144,13.529680136108665,38.76497329079934,54.92131187422864,0,0.4185000874158692,0.06642048673667093,0.12194724736273022,0.08536307315391115,0,1,1
2024-01-01 00:01:14.000,2079.5628843341774,58.43326172193792,48.29731000723821,86.42659661504784,25.188711804401223,13.601507232580788,37.31953403186771,55.67528784469284,0,0.39000651403621445,0.034822542819722545,0.05691226262114202,0.03983858383479941,0,1,1
2024-01-01 00:01:14.100,2360.211516632149,57.46767415214984,49.265770602362124,92.60639952506908,24.958050210275708,13.202226597981351,39.87448025925774,48.87557211598055,0,0.3892498115606254,0.02944176385517004,0.05291431468472959,0.03704002027931071,0,1,1
2024-01-01 00:01:14.200,2687.590711152161,61.05078244669773,40.87029337286932,91.6083927068825,20.01619031356941,13.506125150163877,37.44460404946005,44.9500709100744,0,0.3741524211479079,0.006310336611001051,0.015260777768323465,0.010682544437826425,0,1,1
2024-01-01 00:01:14.300,3013.045525105417,77.42817453912286,51.162790290370125,90.8402990298341,24.14772890788791,13.060297842797372,37.51557596048851,54.79560549057364,0,0.40725333978411443,0.04348053304503866,0.09104323875166961,0.06373026712616872,0,1,1
2024-01-01 00:01:14.400,3258.829510234561,46.089702987141386,-10.59120155388606,85.0242575907331,36.043391083085965,12.96928490887818,38.41779111202449,53.085686724251616,0,0.507053177286724,0.25679500251965987,0.37015150339524494,0.25910605237667145,0,1,1
2024-01-01 00:01:14.500,2637.1280934232677,63.57553474102178,34.06785081860403,89.09248418932167,17.149057429579862,13.610023922367676,38.49596252947708,43.520879207284736,0,0.37138428581493405,0.013616736798949126,0.01413072569438908,0.009891507986072355,0,1,1
2024-01-01 00:01:14.600,3093.383382238539,74.62796444673644,44.82643869833562,79.11467476778573,21.386451837100847,13.384837577600765,38.35102405636014,61.35228489093811,0,0.41582897819364595,0.06691319884491637,0.11757800936488393,0.08230460655541874,0,1,1
2024-01-01 00:01:14.700,2622.3085338233386,67.51641254909768,16.97971832760986,90.89238331942695,9.138737008185904,13.560684122286366,41.216618081071005,52.34681629058387,0,0.3933933018031854,0.059584761386039194,0.07514563632780508,0.05260194542946355,0,1,1
2024-01-01 00:01:14.800,2694.241098504026,62.843724248981154,47.7264663562312,97.14428853906784,11.317390384016676,13.494631506897496,39.08772197792943,55.83855489814105,0,0.39039007600751485,0.04725761058363216,0.06379257971636512,0.04465480580145558,0,1,1
2024-01-01 00:01:14.900,2296.669451575889,75.01569138850712,35.910575580277566,82.62933933978947,20.978132930933075,13.207079985400862,39.66099087027506,61.13536710143935,0,0.4212124688701748,0.08744656893017383,0.1371471996509095,0.09600303975563663,0,1,1
2024-01-01 00:01:15.000,2538.383376944548,19.451515605011444,75.1095139663098,87.07036163341122,31.03933546701907,13.4864237094107,41.72840548894181,50.17511056931868,0,0.4790891194926878,0.17320411877568884,0.28003503528096957,0.1960245246966787,0,1,1
2024-01-01 00:01:15.100,2324.157697191833,70.16812979296361,71.46039450429713,91.64553389355063,17.437191757484275,13.130069608495544,38.32721481029701,52.53561605587292,0,0.4151133374389543,0.053705443060655486,0.1097375264012648,0.07681626848088535,0,1,1
2024-01-01 00:01:15.200,2512.063373511334,50.18886475308864,30.683888617636743,96.26421317213742,17.64083470687876,13.91729170740042,39.25068798237034,56.48021790804893,0,0.40924366380830174,0.0517854674208671,0.09863492424301351,0.06904444697010945,0,1,1
2024-01-01 00:01:15.300,3526.82089830392,32.54050654715314,36.983245768666094,87.75887691849925,15.931147554956253,13.093208896542013,40.43121967188553,44.201111329599584,0,0.4152899625020513,0.07120266248641982,0.11879133875575991,0.08315393712903194,0,1,1
2024-01-01 00:01:15.400,2525.3005555840286,67.66803899287471,38.52104868783215,86.53874835367051,14.652433291556768,13.441264418709425,35.73648401837918,50.432413302768005,0,0.3874740069458834,0.014610006984691412,0.04242990084514612,0.02970093059160228,0,1,1
2024-01-01 00:01:15.500,4316.191032418696,80.60487817744436,30.966810476807545,80.15538428791959,22.94971455708821,13.187318523585825,34.76972852163838,51.00438869320919,0,0.45000002309073367,0.15840004460195806,0.22236794006283783,0.15565755804398648,0,1,1
2024-01-01 00:01:15.600,3246.6589504404446,57.93827228058462,43.90049968056253,90.51719064654051,5.027423548213555,13.67112635200824,40.1516941170549,42.35153158653284,0,0.38679065117065126,0.05883990318489958,0.06336403131888788,0.04435482192322151,0,1,1
2024-01-01 00:01:15.700,3092.418061847437,74.29311820804408,24.8343586222482,100.21038020071872,32.80939576666728,13.40057058861555,40.36340794051318,68.54109430939103,0,0.4734755557753807,0.1741604764626774,0.2708131497885,0.18956920485195,0,1,1
2024-01-01 00:01:15.800,2570.8211099093933,84.18417386982968,17.387693301249474,91.38679230982338,13.345777018705396,13.344399984113638,43.42773956900412,38.74165245206078,0,0.4312012716577188,0.1085000488741187,0.16493428163694068,0.11545399714585847,0,1,1
2024-01-01 00:01:15.900,3350.1549397044955,79.72371680376071,52.45422447800537,89.88860510408144,27.21903485438141,13.755960463515466,39.53540897095284,39.615168770502734,0,0.4134434713697137,0.08174126084451838,0.12086995841615691,0.08460897089130984,0,1,1
2024-01-01 00:01:16.000,2712.181086881113,84.59946794057089,52.59059168443622,91.61041155383492,7.300014026061241,13.508829177503266,40.77861857365533,60.51381260562863,0,0.41163429975598564,0.06878807174312428,0.11126717131974129,0.0778870199238189,0,1,1
2024-01-01 00:01:16.100,3061.0049073226805,71.13191236607838,23.913684806800152,89.94453998025699,26.688401305462182,13.65499333378079,38.66811377188712,55.70613000637234,0,0.38828227245782015,0.03606755931729844,0.05455533479626378,0.038188734357384645,0,1,1
2024-01-01 00:01:16.200,4280.042269134397,61.13150458352389,57.90710861525199,85.93492813869935,26.719446078144976,13.20560221904476,39.57343342214915,41.792281460153774,0,0.4254418938544633,0.10123489591173214,0.15134967859293136,0.10594477501505195,0,1,1
2024-01-01 00:01:16.300,2951.970050137675,35.97051282154247,27.368445416693373,94.11639957838852,23.842020720058965,13.078554916821748,42.23341258239797,54.85831212081354,0,0.4278085251863334,0.07012724817942288,0.13988532040931115,0.0979197242865178,0,1,1
2024-01-01 00:01:16.400,3574.6366631428377,56.30906267805077,45.06330476075962,91.12880761555876,10.055714782002076,13.53216238861204,34.57083318256755,61.74280355997848,0,0.3970854436076101,0.06927588265014496,0.08637110370786616,0.060459772595506306,0,1,1
2024-01-01 00:01:16.500,2648.4117874370563,47.35130107025712,56.40688025224912,90.08806625966828,22.49548189598077,13.40434609335158,39.5659712538821,49.75789553922412,0,0.37896435102599324,0.029125495366481968,0.03498322302238202,0.024488256115667413,0,1,1
2024-01-01 00:01:16.600,2982.50575475152,92.5641407624672,39.32774870592574,85.12316986360875,8.16943815265611,13.687930401736184,42.929832118813394,70.79058320059666,0,0.4716716380013607,0.1815171999430676,0.27137439745535974,0.1899620782187518,0,1,1
2024-01-01 00:01:16.700,3885.400317817755,57.36171281351495,49.09481824282269,96.5175396596738,17.472367449038146,13.476027464201236,39.14264701699727,36.20750551305572,0,0.41728780368228946,0.10456674080686112,0.13892558563237298,0.09724790994266108,0,1,1
2024-01-01 00:01:16.800,8350.093244579839,61.848072101767286,96.76999605365786,93.32351372666557,30.29413100955326,13.561522601770388,41.79964442496419,55.55058763087282,1,0.5373800627132408,0.31165060306126013,0.44998322291606735,0.31498825604124714,0,1,1
2024-01-01 00:01:16.900,3906.224278998464,68.27228064060701,36.07066833143806,87.23539581316349,27.96701927070742,13.012985241017628,37.15999411935953,59.33222668976803,0,0.4341344591702364,0.08986477037398764,0.16068509961185437,0.11247956972829805,0,1,1
2024-01-01 00:01:17.000,3353.8759677277376,60.6540366955868,35.88281138239319,95.00912426840968,20.15182942540433,14.066531081884277,38.27424335001091,57.13075121284197,0,0.40559720534548444,0.05642366448053557,0.09465305542501198,0.06625713879750839,0,1,1
2024-01-01 00:01:17.100,2718.766612052866,85.4257656064613,25.068433069195223,87.51214580807397,10.25193424077158,13.45072740449039,38.32530766303543,48.365154186834815,0,0.40175906497719044,0.0762278965284119,0.09792298370195304,0.06854608859136713,0,1,1
2024-01-01 00:01:17.200,3316.2038695277606,50.66025957398322,36.46451673768436,86.08998253744481,26.45587712174193,13.70927609110176,33.742996019460634,47.6764681439108,0,0.396193229251023,0.04542689889348118,0.07290489303979598,0.051033425127857183,0,1,1
2024-01-01 00:01:17.300,3486.277224813365,62.91911182855864,9.027634022725069,86.20148441259856,20.19381237698025,13.249172498934112,35.7617424423977,53.553161368698056,0,0.40612667480057696,0.05462749546394643,0.09466987774542068,0.06626891442179447,0,1,1
2024-01-01 00:01:17.400,6561.180431948738,48.86294121452927,30.176925057157906,121.13596768746343,-3.2031559823042315,13.5924029706652,35.82426785925005,56.52603589321656,1,0.5683354384582134,0.47220017322076374,0.5837479390612516,0.7086235573428761,1,-1,-1
2024-01-01 00:01:17.500,2214.8876400547715,40.19966233168941,34.302490132606586,92.35771190209104,27.82629826316518,13.109146570942576,39.582070094002994,54.8197874902589,0,0.42841142892836476,0.0718628637735653,0.1417949272097618,0.09925644904683326,0,1,1
2024-01-01 00:01:17.600,2636.4314120875656,50.82346363642072,34.8764049500924,80.84427560830825,19.75767166130308,13.6356203514779,39.60216406922597,58.32046312634712,0,0.40204868299017144,0.05665109400554481,0.08863503340184167,0.062044523381289164,0,1,1
2024-01-01 00:01:17.700,2876.2406822242474,59.44444804427382,35.17005108258442,83.8577808436712,32.02451247983072,13.39320777468425,38.42585066319084,41.84904034346612,0,0.40174220708415975,0.052959598908259575,0.08625970497455496,0.060381793482188466,0,1,1
2024-01-01 00:01:17.800,2962.783285449977,53.5604666322411,38.76471600279742,79.62205995460734,9.047294811571954,13.50875715118067,39.34590349140911,48.17783216701092,0,0.3964631422340282,0.08565305042823716,0.09348437008666599,0.06543905906066619,0,1,1
2024-01-01 00:01:17.900,3310.336048775339,49.61368530189216,49.58883036172128,89.56965153604554,-11.767038131960009,13.709392209039027,37.28931879217407,42.47987254300997,0,0.4463010813166217,0.19728403538303307,0.2354182785682403,0.1647927949977682,0,1,1
2024-01-01 00:01:18.000,6989.236030220064,38.90523804492249,57.49034148265045,112.63965996024814,22.79083858345185,13.130237906633916,39.94140087661663,46.91109779131087,1,0.5364296013870897,0.19367169227051154,0.3893513997705798,0.27254597983940587,0,1,1
2024-01-01 00:01:18.100,2332.327820644949,58.75341641056958,27.004695463034658,88.36651893406818,22.915636766819727,13.29465248081616,37.4750343427216,58.12176713451444,0,0.3907776309044799,0.038949175340814116,0.06030804496017213,0.042215631472120485,0,1,1
2024-01-01 00:01:18.200,3190.0989255029817,37.42919438953497,15.935982892217112,84.78711152664712,3.093283723935482,13.63719728432603,37.493105472230894,50.86387136580183,0,0.44533617462701286,0.08580821247686482,0.1780130382241433,0.1246091267569003,0,1,1
2024-01-01 00:01:18.300,3305.292872641912,71.40083945534404,19.159111755137943,84.1388312328168,10.215004541333936,14.129466442364023,36.76611203077248,70.85487330519815,0,0.4705172066494792,0.21783926205669393,0.28754060687147803,0.2012784248100346,0,1,1
2024-01-01 00:01:18.400,3279.89522396552,61.23659629401755,30.255941576101456,92.32184931773288,47.55217743719902,13.458575299601556,38.58611817249008,51.54725093751774,0,0.4257580171124443,0.16637385578073915,0.18446540973164877,0.12912578681215414,0,1,1
2024-01-01 00:01:18.500,3540.3903627773107,38.13672750802604,32.961573643669816,87.24724034145756,16.943893858461966,13.67734083537718,36.29473950391131,50.47753504463789,0,0.40468920564973043,0.06241892971806137,0.09608169267659046,0.06725718487361332,0,1,1
2024-01-01 00:01:18.600,3416.961077274452,55.36186384425205,24.600078676050856,91.58179160768071,27.30958976376216,13.467908559042456,39.0099198114532,50.84946335552173,0,0.38716539998274474,0.02870435491029385,0.048943811528554565,0.03426066806998819,0,1,1
2024-01-01 00:01:18.700,3229.5900396142183,48.71765391614125,14.07766671500211,85.57375656937889,13.493401726316163,14.08267367842689,34.712678695544966,44.89753045712051,0,0.4404758378110814,0.11428164000792408,0.18385124042319068,0.12869586829623347,0,1,1
2024-01-01 00:01:18.800,2964.9171442706765,64.78761765628771,30.877583450516237,90.9053137138554,-0.9030289885315668,12.975833499910424,34.69906438744051,49.53730710097925,0,0.42448152501797737,0.10074109751950756,0.14944329177553364,0.10461030424287354,0,1,1
2024-01-01 00:01:18.900,2169.5195332420044,80.10675669034717,43.62853240227943,96.51639018658032,18.297417532040942,13.528386313400809,38.19167032706983,59.02230421689317,0,0.41592039033873773,0.05357693992220576,0.11106783726058952,0.07774748608241266,0,1,1
2024-01-01 00:01:19.000,3214.809109566293,31.87241295531383,51.90058931671129,92.93082900196391,17.343954397138948,13.012336789931382,36.55964830757071,50.911765345022175,0,0.42584890367083705,0.07449077360096897,0.13868091780127811,0.09707664246089467,0,1,1
2024-01-01 00:01:19.100,3103.843843581556,61.72539118721126,28.85153893783357,87.9379309089176,16.001217613316285,12.748028528838985,35.748873824350405,43.65232216093223,0,0.41645239308102106,0.07667531328475717,0.12353630821241643,0.0864754157486915,0,1,1
2024-01-01 00:01:19.200,3135.7894185976866,57.59800806650039,31.74004355713132,91.28599485177963,18.853591644936078,13.589238615935344,38.356692041527495,42.59932303617092,0,0.3817599542863536,0.0246626450371535,0.03758251375388197,0.026307759627717378,0,1,1
2024-01-01 00:01:19.300,2361.6257120898454,70.07010114675698,21.466033823053785,88.79667412734894,22.642682716456367,13.541849338844235,35.281973668324326,46.39838486667325,0,0.38994854511625937,0.016180314616169793,0.04749098002010787,0.033243686014075506,0,1,1
2024-01-01 00:01:19.400,2459.4717297958687,63.19794942356533,39.37121659250448,90.03940092347364,18.49883048746193,13.41454891867734,36.01601390781568,50.59090747528704,0,0.3805441745500282,0.0061202757809715146,0.02621049937581265,0.018347349563068854,0,1,1
2024-01-01 00:01:19.500,3526.576426666452,48.72046002391771,23.03142731618371,88.37194473925749,7.359938320526362,13.468141772988076,39.13479223647866,59.5486922838101,0,0.41387338169051013,0.06812292148084577,0.1148036604608075,0.08036256232256525,0,1,1
2024-01-01 00:01:19.600,2980.2224230716724,55.214190965000725,51.462556264824,89.17832397057305,24.86184791561939,14.429489830221378,39.33454094787756,39.2760908690685,0,0.45297511129744783,0.23267020520928194,0.26464388069401706,0.18525071648581193,0,1,1
2024-01-01 00:01:19.700,3340.7503486863125,48.05961214794766,4.282670161317775,91.06046676537088,0.5062824467757672,13.42254745859057,39.32097259671683,47.44138977688995,0,0.430296224065326,0.10243559319219163,0.16033815957201872,0.11223671170041309,0,1,1
2024-01-01 00:01:19.800,3014.1591880652304,76.14010707897897,32.80740655095075,85.03320650209025,-0.5035745728420018,13.653037308375024,35.53184454222828,51.15448015548064,0,0.4171009137913386,0.10471678242838892,0.13867766649673968,0.09707436654771777,0,1,1
2024-01-01 00:01:19.900,3014.878069747873,60.319674730079136,46.02214678383484,84.9206058650501,27.39180494701568,13.305190554115836,38.47742182598496,35.33035385896452,0,0.4021665058519479,0.05949761084232684,0.09026188607818252,0.06318332025472775,0,1,1
2024-01-01 00:01:20.000,3469.141902987999,88.5178602862951,43.676690326450085,83.05728723084394,25.070202721353567,13.58856977251218,34.03803028039857,43.33121373626875,0,0.41646458182360746,0.11896028920721494,0.1446998579435328,0.10128990056047295,0,1,1
2024-01-01 00:01:20.100,2741.977635891313,59.090087792780686,93.86067327960993,81.99864447748145,19.42604634925964,13.428529897483315,34.04205010641173,44.56089168211051,0,0.4652558361500207,0.1483033234927008,0.24368115223183912,0.17057680656228738,0,1,1
2024-01-01 00:01:20.200,3048.0603884704915,49.37389849634306,46.99600049135815,83.9135865388976,6.045514952449281,13.37684445518108,31.07486407052705,43.63223700919601,0,0.3990806139624187,0.06407883654289423,0.0872201732669661,0.06105412128687627,0,1,1
2024-01-01 00:01:20.300,2768.8623556474786,37.2942841108076,19.918908063159797,90.79731253402063,12.920890593259246,14.045669559660098,39.04143209949275,51.53511636017318,0,0.4310093363509301,0.07243437283351652,0.14656978534785506,0.10259884974349853,0,1,1
2024-01-01 00:01:20.400,2782.7518862838424,32.95290485616083,38.09071505821854,85.53606242254058,17.37253252313496,13.853155488955302,33.887655917463455,48.71552312398562,0,0.4339349698022574,0.0785941656978957,0.15470508582112255,0.10829356007478579,0,1,1
2024-01-01 00:01:20.500,2845.4139382656804,36.23796085491765,4.475073330670966,92.56807232115548,4.041060314258866,13.541023994219769,35.28247037604141,45.55771117919171,0,0.4414813153043122,0.13952398855320222,0.19820984867963448,0.13874689407574411,0,1,1
2024-01-01 00:01:20.600,3111.0668858168565,64.00689976517225,38.38800501406478,90.1735687437628,12.60971341976767,12.80873641921681,33.63480677159888,53.42370101242108,0,0.41796199631107767,0.06706144090072122,0.12133791967225489,0.08493654377057842,0,1,1
2024-01-01 00:01:20.700,2760.625689168261,67.63087534844901,23.338878859984828,80.15747893280974,26.5233033817668,13.39169723302423,36.76570587203565,63.78459774117,0,0.4312723758391689,0.07949924296119938,0.1505567445050009,0.10538972115350062,0,1,1
2024-01-01 00:01:20.800,3627.87806278676,36.282139469518,58.30780551120324,93.27487792110846,34.273053642892165,14.310908269321525,34.54402797386061,63.11405213393402,0,0.501906074398338,0.31900888113482273,0.3923644082399699,0.27465508576797887,0,1,1
2024-01-01 00:01:20.900,2552.696348890248,73.42557471114173,29.0091945080893,94.05399322795854,15.805652473414494,13.430801500008087,32.60558143434931,34.617825823501306,0,0.4212789838093948,0.11901128761383849,0.15304449474874784,0.10713114632412349,0,1,1
2024-01-01 00:01:21.000,2906.5641779193206,52.75408422474841,37.664681684095065,85.03068662582574,27.564883543160985,13.830965271616098,36.01846026350725,54.61657747068112,0,0.3998177775189501,0.03930155289594412,0.07610532725032174,0.053273729075225214,0,1,1
2024-01-01 00:01:21.100,2780.1344708629126,62.20189517978324,27.28884317191193,92.10095771447496,0.8593992941253283,13.93258272058578,32.187595005434595,48.57581367948929,0,0.41194284697489875,0.10711511908455866,0.13096385503367886,0.0916746985235752,0,1,1
2024-01-01 00:01:21.200,3723.488942176866,84.18330942383136,74.77702703706663,85.71750881295401,26.594512411136115,13.565689174756791,33.300163524343986,51.24124274292285,0,0.4360337735171285,0.09400937599453126,0.1660393588203891,0.11622755117427236,0,1,1
2024-01-01 00:01:21.300,3098.277388255787,73.45258973798298,33.57514467764177,90.48835188374169,11.96051585272519,13.247453510439554,30.68111666564273,46.81373573165961,0,0.39157389561318195,0.040561551446476364,0.062490153781311994,0.04374310764691839,0,1,1
2024-01-01 00:01:21.400,3515.922269734317,55.97204028141252,76.65114086958403,83.67750796522517,23.0734561670797,12.769406300465134,31.9668985904196,50.94070903909762,0,0.4559098427871183,0.12838860542173078,0.2175742059699472,0.15230194417896303,0,1,1
2024-01-01 00:01:21.500,2257.219813481514,46.63211661877069,56.28303524236533,81.03446773732712,17.522475817602906,13.705248962582688,35.09179307417568,51.21125916857615,0,0.4150118229733893,0.07867191214812265,0.12204534709087653,0.08543174296361357,0,1,1
2024-01-01 00:01:21.600,7749.866648701298,27.722768980060422,49.641334546707725,127.17502518381784,33.20414009783834,13.255573199152936,30.7255825784488,45.368385941208615,1,0.6304975133561455,0.23066365679151465,0.570393822046791,0.39927567543275366,0,-1,1
2024-01-01 00:01:21.700,3444.8153978117184,49.212700211363696,47.3746629463504,89.38135526862582,11.255643516600818,13.552845135566308,31.61228312533114,42.82905961739856,0,0.38623317720036016,0.044902156637528355,0.05543186028111401,0.038802302196779805,0,1,1
2024-01-01 00:01:21.800,3041.1419946377123,56.83304641758458,47.87594596432503,88.01160153192698,26.27606297561831,13.125053898123191,34.48975666222887,46.410434539044125,0,0.389297261118082,0.021288785489998834,0.048919816868630686,0.034243871808041476,0,1,1
2024-01-01 00:01:21.900,3532.7401875326755,45.19230709273224,1.4465484130877968,84.0798472088872,17.204925367034665,13.42042873785894,33.327200622228304,51.874074115654125,0,0.44063780736378944,0.0864628976728781,0.17022174762898895,0.11915522334029226,0,1,1
2024-01-01 00:01:22.000,2741.355774949814,58.03114549361543,34.42233211698487,88.00050468934431,18.41694521990336,13.510115716470317,38.31840760625295,54.79197073347412,0,0.37341666141393587,0.00906618266108547,0.015367330748462325,0.010757131523923626,0,1,1
2024-01-01 00:01:22.100,7111.680975366997,61.15277824438152,56.90315942368643,118.1031241417233,18.161461068407903,13.580578074313287,37.922047346303,56.826791818721176,1,0.543466397490965,0.18756565881579196,0.39845774888709684,0.27892042422096774,0,-1,1
2024-01-01 00:01:22.200,4149.449061809625,56.627160272878825,39.02205633051789,89.77553484938731,11.54326895505887,13.165553343794276,32.43832924867186,46.0464798154647,0,0.4151451823343468,0.0712230452199664,0.11855135447440157,0.0829859481320811,0,1,1
2024-01-01 00:01:22.300,2818.5807197801705,50.249961287648105,11.8962030639285,90.91250515299606,19.859010340933285,13.859073284628405,35.20836933090105,52.27075653842189,0,0.3989807244780926,0.0630880871234632,0.08655219262040834,0.06058653483428583,0,1,1
2024-01-01 00:01:22.400,2777.248739299614,62.52982007950092,38.95191098845061,86.64942399772883,19.373517778781785,13.320931564580407,35.51257912777291,57.70002073562639,0,0.38924368222892497,0.031796627669453036,0.05408115529642589,0.03785680870749812,0,1,1
2024-01-01 00:01:22.500,3726.6922385588505,66.62910974354114,74.08211032510982,95.8585895735808,22.412402484067293,12.997659161864028,32.738976217885124,59.32475916115303,0,0.45902149980026963,0.1278702032406156,0.22269185187695073,0.1558842963138655,0,1,1
2024-01-01 00:01:22.600,3789.786072865356,43.64401383835731,64.93783431069438,84.1191333172261,20.845051456928623,13.46729297401096,30.86277078085744,49.52933716694782,0,0.41131432344696983,0.07710881231390092,0.11487463244799856,0.08041224271359898,0,1,1
2024-01-01 00:01:22.700,2738.5699864233657,81.16398569619405,38.75991981267936,92.4378014854336,27.97994549612236,13.51031259270794,33.74917687515765,48.2325462004831,0,0.40321536338877406,0.051021111134631765,0.08783602958064568,0.06148522070645197,0,1,1
2024-01-01 00:01:22.800,2789.906591452072,58.52117801573608,59.02898554116173,95.9094554647998,29.235086160473685,13.548176829951528,33.34800234406547,51.52899387069114,0,0.4022355771652182,0.04000257269866593,0.08063372009758454,0.05644360406830918,0,1,1
2024-01-01 00:01:22.900,2859.1076955697463,60.28274434417271,32.669859592638964,92.40454046374448,9.493766781721988,13.908639721105525,32.74208461967237,40.80234021682075,0,0.40523455321588975,0.0765347818444058,0.10408196245288334,0.07285737371701834,0,1,1
2024-01-01 00:01:23.000,2327.774744482861,70.62321634884836,5.922568263465621,88.98737886467585,28.68772500590771,13.429065348979242,34.4181672698625,48.45112391171593,0,0.4276572173855526,0.07187886193517619,0.14049967209116293,0.09834977046381405,0,1,1
2024-01-01 00:01:23.100,2540.6740267579007,63.49824196895253,21.510680237408916,87.3585147666851,8.136635728901457,13.46411411268937,31.95199423944225,55.95669118778504,0,0.40268521276360225,0.05172264064786656,0.08727071046774838,0.061089497327423865,0,1,1
2024-01-01 00:01:23.200,2497.929616623966,74.29704950869868,71.25777537016396,95.18043825523128,25.87855888137735,13.169044685630071,31.069378278215083,55.13557703554961,0,0.43262020291434555,0.08129866644442461,0.15378545971060897,0.10764982179742627,0,1,1
2024-01-01 00:01:23.300,2616.101217447936,64.30686247802737,34.52013836341391,82.88512537369164,26.197387847028686,13.74616605086637,33.51145923399295,47.83785916508889,0,0.4012965752172704,0.046839640644868986,0.08242968777138376,0.05770078143996863,0,1,1
2024-01-01 00:01:23.400,2982.6575563066094,50.81343938039343,35.13232041249964,85.14937869810178,0.8868310833749575,13.55529271922343,33.98515339835096,51.741745608697336,0,0.41104381578583277,0.0810740299550096,0.1163898124036572,0.08147286868256004,0,1,1
2024-01-01 00:01:23.500,3117.10736626826,65.42255287809152,34.00323607450239,88.0122111725414,20.929792465294096,13.373991681811752,30.779843245333023,43.4027972776745,0,0.38051779579196965,0.018984474077630615,0.032597016846769966,0.022817911792738975,0,1,1
2024-01-01 00:01:23.600,3775.2502464070394,42.84410689019008,78.08273179146013,96.18826878756,15.315038866396844,12.928597591960362,34.90923427503521,55.6279371858002,0,0.46851769954983324,0.1968511786167607,0.27359147877795076,0.19151403514456553,0,1,1
2024-01-01 00:01:23.700,2500.822979630605,61.62839558664785,72.51917830724126,91.89883818020448,12.41234742064625,13.933323658516526,29.43201069742081,49.37742851090822,0,0.4227598579904645,0.14949340676871667,0.17084445907070003,0.11959112134949001,0,1,1
2024-01-01 00:01:23.800,3492.161199238292,59.50155014033309,84.37560466896268,85.15977120744877,33.50852330699006,13.131696010663182,31.7366659754616,47.79238838643089,0,0.45820129800130094,0.12374835266861826,0.2192136432716338,0.15344955029014365,0,1,1
2024-01-01 00:01:23.900,2893.0055778872456,56.8782471409119,36.819095791998976,88.44846147307548,13.463208593625811,13.322616597189088,32.29679574041759,47.1062093112529,0,0.38391571292956705,0.005001175028252759,0.031476862953519286,0.022033804067463497,0,1,1
2024-01-01 00:01:24.000,2975.2681451737835,58.07193732841604,45.9124897749419,86.92838427951853,11.9362307088195,13.607503353322802,31.46028530742887,49.49684906480113,0,0.3789982440448808,0.02311552585571996,0.03203680435448228,0.022425763048137592,0,1,1
2024-01-01 00:01:24.100,3337.409746083302,31.772264317535413,9.66714901158418,86.45105503883232,20.75694940005093,13.141032621414992,31.522531705550264,46.41697884054433,0,0.4414307569560895,0.1161563691024486,0.18643867569355962,0.13050707298549172,0,1,1
2024-01-01 00:01:24.200,2438.638989218851,51.76912638388558,69.53868852236549,94.8944477927839,26.855897462984164,13.051947066524058,36.3147215371888,55.26514428802051,0,0.43595343525225766,0.08212402135934833,0.15995785946796717,0.11197050162757702,0,1,1
2024-01-01 00:01:24.300,3191.204873092025,61.39267351711672,16.6444089746413,83.14128435368247,18.58351413989873,12.8628157251898,30.79072431441469,46.83773161587055,0,0.4320158935377872,0.08641306497336255,0.1552984310787472,0.10870890175512303,0,1,1
2024-01-01 00:01:24.400,3083.226104106528,62.39784587996101,44.335511275252586,98.04390427867187,31.66370545669252,13.716299085871691,37.29485585735624,62.74371276821905,0,0.41838085279259285,0.07773024112081851,0.12739609081668343,0.08917726357167839,0,1,1
2024-01-01 00:01:24.500,3246.2256320040747,44.58487288611063,18.05394944734312,94.14114845092313,25.309756619640904,13.336444126582103,33.20658589179443,61.72168402785105,0,0.42857640726665314,0.0825456566369223,0.14742140110310764,0.10319498077217534,0,1,1
2024-01-01 00:01:24.600,3144.584321953909,78.98561761297051,28.22266346522608,95.45430835301848,-1.7821131973143025,14.378181027742,32.43636252687623,42.86765208116396,0,0.47506269440049625,0.3334118468528439,0.3531813613979979,0.2472269529785985,0,1,-1
2024-01-01 00:01:24.700,4227.650069955447,47.007377276782485,23.254751379005995,87.68530243987371,14.705330364929916,13.201693480310738,33.1246528789475,50.55763415543424,0,0.4275527850923789,0.08470742561614249,0.14673349816173747,0.10271344871321622,0,1,1
2024-01-01 00:01:24.800,2681.130007874342,74.54185800790106,27.84249478648364,89.25029640460446,14.38157900648301,13.223564692971324,37.151947590596,44.79474702931044,0,0.39229919401923147,0.026398953912647096,0.05666214820848036,0.03966350374593625,0,1,1
2024-01-01 00:01:24.900,2734.501522499091,66.40791542807527,29.21754593702043,82.83424092737644,24.793609534294223,13.33038210891438,30.024826004149112,47.38681949449111,0,0.40393752739095296,0.04670217418342966,0.0869244381462645,0.06084710670238514,0,1,1
2024-01-01 00:01:25.000,2688.429736787618,50.30659035234295,29.03462410149846,87.37668796466599,-6.24817056374112,13.572940396541547,29.691096094059148,66.01941974115837,0,0.4791867194986334,0.20967524375388405,0.2984392475591386,0.208907473291397,0,1,1
2024-01-01 00:01:25.100,2722.2614404198725,86.62966338914268,56.66667823560614,92.46827423821576,45.49009708717722,13.358938998364406,30.342119458708005,47.53942866307361,0,0.4551456287041862,0.19279485596159276,0.24845679296077455,0.17391975507254218,0,1,1
2024-01-01 00:01:25.200,2681.306436346741,42.0954475236528,17.902744138749597,96.48031530890698,25.3102609489421,13.683699664200754,31.83605806570089,52.88180829661943,0,0.4240329231199827,0.072705270574537,0.13465020810975958,0.0942551456768317,0,1,1
2024-01-01 00:01:25.300,3594.508265553776,73.78731260415002,44.410828540277336,84.46421591598774,21.48876803917691,13.206423483003404,28.240149442066546,54.33057035206623,0,0.4080003411734722,0.05413954366276859,0.09766353933795968,0.06836447753657177,0,1,1
2024-01-01 00:01:25.400,8291.519143061376,75.00873477064468,92.05055093418837,88.17247031507367,31.815677164191463,13.085522484460926,31.656290090248824,41.99496502013408,1,0.5589099425447992,0.3753451635485922,0.5190334690524712,0.6633234283367297,1,-1,-1
2024-01-01 00:01:25.500,2714.6268531252617,49.94069686385033,29.73607270973208,89.24350389883739,43.43654052812624,12.960535578177268,34.918625798358875,43.15923620472636,0,0.4593814617884144,0.16021707826335543,0.23948729256123208,0.16764110479286246,0,1,1
2024-01-01 00:01:25.600,2583.8222134478856,80.88697950096493,25.641622185047964,83.02105398903757,28.70746644588403,12.83292774961884,31.754266232701003,40.351821028735046,0,0.4838558249191564,0.16429767041163312,0.28381853052278644,0.1986729713659505,0,1,1
2024-01-01 00:01:25.700,3235.707778193202,56.24930228101571,35.389507496394984,92.956746208792,29.4881309647162,13.344579294157484,30.78600045342081,42.912234128817786,0,0.39910930156733854,0.025382214096051143,0.06792143333682292,0.04754500333577604,0,1,1
2024-01-01 00:01:25.800,2723.8884778595143,64.33040443919785,63.59450416721421,86.38004834128695,21.306900244643824,13.409705906282031,30.054970393924037,27.199759125462545,0,0.45772832422310133,0.1692460563711263,0.24114521107503506,0.16880164775252454,0,1,1
2024-01-01 00:01:25.900,8610.022598163447,63.90482758156831,99.2320883587219,89.02304824411488,18.58474246633052,13.310568891755045,33.00823462031433,54.35665920634902,1,0.5481679780935528,0.3164744852470373,0.47103634784683335,0.3297254434927833,0,-1,1
2024-01-01 00:01:26.000,3101.46151042565,57.98536887794178,29.37571410784803,87.74025314044061,15.242045559950988,13.87302173915615,29.47946558465503,66.43355073004855,0,0.4188304775667401,0.11722118884648317,0.14791850237113308,0.10354295165979314,0,1,1
2024-01-01 00:01:26.100,2242.127942501384,72.16212409739673,49.6775330237608,86.05330747140162,11.738880082854578,13.86840906288244,34.743842892249546,51.18256591229222,0,0.4051467454394679,0.08881548827343616,0.11007058654782623,0.07704941058347835,0,1,1
2024-01-01 00:01:26.200,3773.752600665031,71.9023308082832,17.954157003271533,89.96477507259722,13.129859003005029,13.399559103766649,34.83769046639968,38.66984912527514,0,0.42399758740952015,0.09790091556450241,0.14718697159087787,0.10303088011361451,0,1,1
2024-01-01 00:01:26.300,7182.860317798021,33.772020401427284,53.62719020885896,127.16618881014097,6.494440356570168,12.961823666042411,31.404392488214462,44.85778893680042,1,0.6241865584365567,0.3801055076657824,0.634209612738123,0.7439467289166861,1,-1,-1
2024-01-01 00:01:26.400,2693.605654757807,79.56510364317229,48.17214615403535,88.14071058860667,19.241285493149768,13.329988467583483,30.78778063465752,46.328985239800026,0,0.3931094731139257,0.03280070035698869,0.06126315862413988,0.042884211036897914,0,1,1
2024-01-01 00:01:26.500,2806.149220032008,35.062620179464886,33.84383057722232,86.35769189159828,3.153324227736132,13.32005358182488,32.792050347213845,41.859321782292994,0,0.4395282668415068,0.10688988485882528,0.17851798954522138,0.12496259268165497,0,1,1
2024-01-01 00:01:26.600,3142.9326953624523,75.48819306512486,23.22828403105538,91.59762335391476,21.90916524143711,13.302859511316582,32.840247655105294,56.88146110716125,0,0.39703969475762413,0.0460368874122292,0.07467255349228552,0.05227078744459986,0,1,1
2024-01-01 00:01:26.700,3167.2283949935127,76.90057705241375,22.266381554330856,98.26808634246144,19.636693919576583,13.290684328830526,28.95858710845173,56.48208035500267,0,0.43460580456640957,0.09847792491653987,0.165806147137248,0.11606430299607359,0,1,1
2024-01-01 00:01:26.800,3329.2721363364158,43.63550354677203,50.69634672691821,90.69943616419565,21.46935298386688,13.303961131282556,29.437380224217083,40.75638564945872,0,0.40198863775793386,0.05116196902655609,0.08578671460973752,0.060050700226816266,0,1,1
2024-01-01 00:01:26.900,4005.102269383175,53.83778568068123,64.57961004978124,94.98059107455563,14.778684299800076,13.384037515230672,27.76571554104381,55.80064835558007,0,0.4338405951703777,0.11997092743863234,0.17523039024896414,0.12266127317427489,0,1,1
2024-01-01 00:01:27.000,2911.5263862529755,43.41442997271096,27.253845059424105,83.04889037423268,50.76860370180504,13.309337670355331,31.14846020699844,62.214501308618125,0,0.4749433681335132,0.3816094298895026,0.3770739608207182,0.2639517725745027,0,1,-1
2024-01-01 00:01:27.100,2600.851377730773,56.77618454566897,49.167734071029685,90.78880719646884,33.601159001803126,13.562496752587675,31.583506017164027,65.22046564183648,0,0.42699862725209026,0.07990565855280465,0.14337504703597398,0.10036253292518178,0,1,1
2024-01-01 00:01:27.200,2310.3403859927366,55.37948573721389,-1.740540372041373,84.51315840514467,7.554574999152772,13.60811061477146,27.470318894447622,72.9216961846877,0,0.5099475477865253,0.28649011137004254,0.39000044044902005,0.273000308314314,0,1,1
2024-01-01 00:01:27.300,2634.5349800290405,71.6949079840401,28.30764538685601,82.61537536234049,22.328680874268983,13.226806473845253,29.17969228045777,42.78405880445442,0,0.4140907858182535,0.06678050195020734,0.1145081182984965,0.08015568280894754,0,1,1
2024-01-01 00:01:27.400,2983.436513563101,79.65463119179412,39.37882134258196,86.30314296270481,13.919938570626764,13.88131959780211,27.315502174847307,72.59376341116163,0,0.45728816289432994,0.17437558121378438,0.24294938834541582,0.17006457184179108,0,1,1
2024-01-01 00:01:27.500,3897.278931758894,80.93525716184934,21.806331660363327,95.95949667206789,9.85520273292586,13.205981309447816,28.132330309442253,47.166348891929694,0,0.45613634745998166,0.1360970383158831,0.22181981548029206,0.15527387083620442,0,1,1
2024-01-01 00:01:27.600,2741.194350481914,51.567479601325466,21.26987250420808,94.75007914334824,6.599279288760652,13.0146598158554,30.951883970302447,45.260276356955885,0,0.42737846730997703,0.11345054423979653,0.16080384174157109,0.11256268921909975,0,1,1
2024-01-01 00:01:27.700,3111.893975819449,56.86167189383208,26.644408870622275,91.215023610272,24.32216690759254,13.614233421409516,28.302805636413208,52.61657899902277,0,0.39018703060494536,0.02632277862634766,0.052974307567341575,0.0370820152971391,0,1,1
2024-01-01 00:01:27.800,2991.788551963624,34.74842711668575,45.84385456652746,82.33649720055034,13.186197649304262,13.254777559675698,29.08803777762509,45.3435093272559,0,0.42217236514860645,0.07846896000034603,0.13431706624159123,0.09402194636911386,0,1,1
2024-01-01 00:01:27.900,3594.196636724042,47.911949002557165,36.2534196318725,89.01859674306031,29.67826024025204,13.596387441227217,26.35498615371497,53.19235312517221,0,0.41332590398897895,0.0478755046696714,0.10373392753411528,0.07261374927388069,0,1,1
2024-01-01 00:01:28.000,4263.466212936811,74.47277449646187,-4.764624666499444,91.50850004450868,29.937822145304388,12.77889941966984,29.90350994897885,39.43938249810159,0,0.5283790057936928,0.4385513992330616,0.49788007327218975,0.3485160512905328,0,1,-1
2024-01-01 00:01:28.100,2734.5656135398394,84.23374235322348,-2.414003052701325,90.877681147893,33.739143852114495,13.91773678244492,29.360902809760148,48.08997918349253,0,0.481256912430992,0.2173923050975146,0.30587500753536606,0.21411250527475623,0,1,1
2024-01-01 00:01:28.200,2755.280278740889,41.48476692180117,27.86269644285649,80.78103208259627,11.476132339258964,13.70168802241212,27.91145086930304,60.28465787489343,0,0.44546069488082635,0.10762793551381483,0.1891380668866907,0.13239664682068347,0,1,1
2024-01-01 00:01:28.300,3522.080438534536,51.11303611270659,49.15373172107104,85.54841075990063,24.753656106920104,13.0498570352511,28.911260693924337,49.54350966855076,0,0.4106969749323875,0.06281392240194406,0.1066604283688097,0.07466229985816679,0,1,1
2024-01-01 00:01:28.400,3340.945744813156,59.603913645616096,-14.950096854504691,89.67961117925641,26.324542166423008,13.056366862846115,29.56979897021609,51.13276629391906,0,0.47066293098773926,0.18130101766110193,0.26952329181930684,0.18866630427351477,0,1,1
2024-01-01 00:01:28.500,3923.3536628680167,64.2024173822941,30.005396476967388,92.68145454758594,15.25821824896035,14.001679771229258,27.49939283131044,53.80206883773849,0,0.4277616734440539,0.08341500184089226,0.1464482388796799,0.10251376721577592,0,1,1
2024-01-01 00:01:28.600,3291.964092662982,47.85594720117531,29.475042869651578,79.01936089450027,12.28228042607125,13.278786028950613,26.096523961045488,59.36529303454128,0,0.44708135633075363,0.13064146576665148,0.20344528483110116,0.1424116993817708,0,1,1
2024-01-01 00:01:28.700,2820.3539546064703,66.36091566696135,67.76675556416896,89.18938012260071,36.09520665775973,13.249744545380214,32.580117834342595,36.75820230248453,0,0.4386865909827209,0.14037047814626194,0.1938038963589856,0.1356627274512899,0,1,1
2024-01-01 00:01:28.800,3295.327415346155,52.89240979393626,32.299563765742725,90.71524384939477,22.274958757320537,12.820184371755214,27.62234347946834,54.67619241469948,0,0.4409756710567538,0.08225006031423747,0.1686991469525598,0.11808940286679186,0,1,1
2024-01-01 00:01:28.900,3554.3517902914537,59.78321593682581,47.65977969481857,94.24805994258108,26.35967750711738,13.394766538319534,28.615288602435022,47.85488688606589,0,0.39274648936718864,0.03229197670887779,0.060381572121863875,0.04226710048530471,0,1,1
2024-01-01 00:01:29.000,3410.241090598682,68.19426372005549,42.82514280174927,93.46428792118718,11.779239881720724,13.431684115549274,30.750408198769357,51.33310316249471,0,0.3843699517545378,0.030472707207208873,0.044997539671610035,0.03149827777012702,0,1,1
2024-01-01 00:01:29.100,3253.637015553649,60.09633404716407,-2.61132959614401,92.91285659404404,7.807155334778063,13.714647929030846,35.706759023789616,58.47960135809901,0,0.453713356063,0.11122098105952546,0.20519493272168865,0.14363645290518204,0,1,1
2024-01-01 00:01:29.200,3533.337344794577,53.45421164210147,55.36414433263474,86.00029746649032,14.305502255078896,13.080276471544655,26.079595668790837,40.44650678870525,0,0.4299989596271598,0.07297927130691967,0.14509633488203508,0.10156743441742455,0,1,1
2024-01-01 00:01:29.300,3584.6477952228365,58.35585294111254,44.30793010912576,80.45998931438346,18.75978612610003,13.043913962327816,29.388142915941504,41.89884446845528,0,0.416439319311697,0.08463426651890321,0.1274931937607952,0.08924523563255664,0,1,1
2024-01-01 00:01:29.400,3691.079495518764,58.67455561191997,50.16537279349179,88.034736214693,9.357799931826513,13.635288790432943,26.993303837820196,34.51656032228955,0,0.43124007406193565,0.13756193099430233,0.179532272050393,0.1256725904352751,0,1,1
2024-01-01 00:01:29.500,3324.3549437948213,54.449834551768085,118.52475412872651,95.0081591260428,19.90155191349617,13.80201902136812,27.250747719174903,45.60672846588979,0,0.4849324189737811,0.40708680841466427,0.40707342072478625,0.28495139450735035,0,1,-1
2024-01-01 00:01:29.600,2916.4409598415727,56.11805905999346,-1.682258789971769,96.96727263762216,3.114948119314999,13.028654294664635,26.807824206234667,60.64345875503053,0,0.5024425823469447,0.2111484975675653,0.33936128558396084,0.23755289990877257,0,1,1
2024-01-01 00:01:29.700,3073.356843216661,83.97970755757075,74.49393299522217,93.55274551148892,8.799525775301278,13.824454225889925,25.916858232566995,49.035302492212246,0,0.44304881067180174,0.14578042934793187,0.20404665255029203,0.1428326567852044,0,1,1
2024-01-01 00:01:29.800,3603.2544832541785,68.41379171911858,34.25104961199289,92.14670411400868,26.709112482768752,13.511262552446048,28.00550536451876,39.27900083476172,0,0.41574859632128314,0.052660128966792966,0.11031257703859554,0.07721880392701687,0,1,1
2024-01-01 00:01:29.900,2591.532164506382,55.56779522956259,45.74657808806019,91.89819824192983,26.03790520277894,13.827541601722393,25.059002633911533,46.11457004339962,0,0.40269951106787744,0.05563618410648008,0.08925218922423947,0.062476532456967625,0,1,1
2024-01-01 00:01:30.000,3184.3366544364508,70.45431606766104,39.08975509397516,87.2194062661961,16.081232346131337,13.478933891544717,29.821543060951665,38.09710637207502,0,0.4019751276514362,0.04025023352239908,0.08030750181183566,0.05621525126828496,0,1,1
2024-01-01 00:01:30.100,2803.33059383632,54.99270765365985,31.51527333203913,89.3496985322319,9.82235690923047,12.743316624753614,27.9578537199146,40.99851118615071,0,0.4409126686017095,0.1232987105043777,0.1891146057555508,0.13238022402888555,0,1,1
2024-01-01 00:01:30.200,3014.3724114674087,77.59686956379961,28.603341435224827,98.34534762913164,9.72596448473989,13.454409785305188,28.61263771357065,53.1105512821097,0,0.4361499782761923,0.07945811041017214,0.15896452425476007,0.11127516697833204,0,1,1
2024-01-01 00:01:30.300,7714.655647067106,65.54463288297141,46.59017471146018,112.08945971631871,16.26731754058686,13.81804314560138,26.75531046379524,40.60901338955177,1,0.5669603488558516,0.049524468978476,0.37003397467304605,0.2590237822711322,0,-1,1
2024-01-01 00:01:30.400,3095.5495340099515,58.39046783993657,9.656526066566418,98.07389395354926,26.445184916452916,13.231876194274886,26.87319973918411,58.90107444162641,0,0.444550654266452,0.12920571724400956,0.19835443574040423,0.13884810501828296,0,1,1
2024-01-01 00:01:30.500,3023.2182740780745,66.71575388715416,55.01158335043531,88.3898592275397,29.282456913443248,13.383610509327765,28.10265533786218,49.43103767335731,0,0.39601104605887294,0.03260845261031623,0.06618086298164844,0.0463266040871539,0,1,1
2024-01-01 00:01:30.600,2320.0719295100403,36.43685771897251,31.67611190229492,96.6271605454754,15.03468264518031,13.447159948934706,25.119346182635795,50.6847576315562,0,0.4521201691410667,0.09534555401562568,0.1945042415156477,0.1361529690609534,0,1,1
2024-01-01 00:01:30.700,3373.1267830136103,43.09848796635292,17.398613219192846,82.96592495251231,8.465075740152162,12.630145836039455,26.65138649854069,47.773016259136845,0,0.48786268962995916,0.17073005959521356,0.2939584633025766,0.2057709243118036,0,1,1
2024-01-01 00:01:30.800,3322.7420905705376,42.091124904014166,30.999742840083726,92.92952100582325,22.67843637866333,14.001404272631245,25.568060259530377,56.18278270834978,0,0.43509204223600184,0.061344799368620154,0.14807978800488442,0.10365585160341909,0,1,1
2024-01-01 00:01:30.900,4081.62736165273,62.1441464214556,65.14298433725145,86.31614932026189,11.764650293741504,13.229587296030848,25.42606958602517,56.26527910221608,0,0.4366677445813006,0.11130554583414838,0.17578292611454907,0.12304804828018434,0,1,1
2024-01-01 00:01:31.000,2846.1108825235,85.98772499227638,29.293298259675534,82.92366404037907,14.817473611387976,13.65172062974184,22.90745064587584,52.680434815297374,0,0.44209247700425763,0.1236685310099608,0.19133818840704409,0.13393673188493085,0,1,1
2024-01-01 00:01:31.100,3109.5751638319693,93.46950219288948,47.1690723641924,91.09267021205471,33.252760904370376,13.473989659155537,29.72570022600704,54.51831284726119,0,0.4377541778619557,0.11113039085980754,0.1775726717058708,0.12430087019410954,0,1,1
2024-01-01 00:01:31.200,3124.691841855378,69.57076652161136,25.380874485690534,95.04735894297984,28.27115428565768,13.877285716907808,25.593889460659422,48.3032826406366,0,0.41882581967578675,0.0675468801714311,0.12307329934222443,0.08615130953955709,0,1,1
2024-01-01 00:01:31.300,3788.726639881738,67.51266712416685,55.15843699847239,85.77529280703251,21.57974312251452,13.621816836728424,29.213638997213984,54.33762405527239,0,0.39898043441444103,0.07128410842249999,0.09064970204891579,0.06345479143424104,0,1,1
2024-01-01 00:01:31.400,2952.352233806524,32.984133987708915,53.710154775804085,82.50492019770799,7.280809988872772,13.429522718543708,28.94439144959539,47.296977796209546,0,0.4274959897454003,0.10657929806402784,0.15757129378419793,0.11029990564893855,0,1,1
2024-01-01 00:01:31.500,3139.5107628851697,51.85989300398968,76.97217666592823,89.54077617832523,22.113965674706588,13.231945472244217,24.154727313693737,50.01785297729921,0,0.42147415960468215,0.07172214947800372,0.12973718341343143,0.090816028389402,0,1,1
2024-01-01 00:01:31.600,3303.9482548582696,48.183243721376414,36.48872109001569,89.5628233561141,30.626572907875264,13.739355210414642,24.469824175300957,47.80285000506962,0,0.42066629386381044,0.05122219513775795,0.11809123925051987,0.0826638674753639,0,1,1
2024-01-01 00:01:31.700,3093.304561578179,50.68728602623326,53.37309609515813,92.7415981377725,16.243663342344643,12.937967608813617,31.687572485277933,46.34225168544644,0,0.4219550448301231,0.0599070911060582,0.12466060901124601,0.0872624263078722,0,1,1
2024-01-01 00:01:31.800,2776.783192724736,57.47784272122816,41.961350790778894,94.74797285682244,33.51114089986715,13.693767126082768,29.98833837034077,44.48710561822568,0,0.40646087232714523,0.07250499965536499,0.10418611282197468,0.07293027897538228,0,1,1
2024-01-01 00:01:31.900,3097.0449964491536,52.91864133454309,65.91743563726028,89.70292409363753,32.92745289518207,13.170286574533538,26.3433693797502,53.74152083087108,0,0.4239262263460819,0.07585271715942275,0.1360395626796944,0.09522769387578607,0,1,1
2024-01-01 00:01:32.000,3536.815874929886,30.310502844363185,25.623352247825395,99.27751657397133,36.63732832143474,13.875685098586992,26.841072539161026,60.4848473025077,0,0.5019769357917132,0.2677873150976346,0.36687607151561785,0.2568132500609325,0,1,1
2024-01-01 00:01:32.100,2486.74235029447,71.218653841763,54.90010625754562,91.12117372267646,23.05243126531353,13.548389862798809,24.984553440351867,59.36881577335648,0,0.4097439178484079,0.06033926017213689,0.10377624411461676,0.07264337088023173,0,1,1
2024-01-01 00:01:32.200,3066.484837073438,43.9088546139029,36.10605407766637,88.2678674699655,25.873916998060125,13.693237130355032,27.030871594566843,39.94747731243652,0,0.41469022863323657,0.06510670492223111,0.1147070384130812,0.08029492688915683,0,1,1
2024-01-01 00:01:32.300,2649.9395925304134,63.588702961667245,38.71623645783004,81.94216320448587,34.141872883310896,13.524596644147415,24.651722284641146,60.313624411254985,0,0.44098906689933176,0.08766473834989671,0.17142963357169666,0.12000074350018765,0,1,1
2024-01-01 00:01:32.400,3597.523314462421,91.1112400462496,41.83504968896746,88.68670239841916,24.47393937068976,12.974286871457702,21.941298477409237,47.45473198705657,0,0.47760053852195183,0.16646829441403121,0.2740949012616476,0.1918664308831533,0,1,1
2024-01-01 00:01:32.500,2238.4065476081128,46.20923112620365,45.04480792853354,88.31806527294432,14.987658922097872,13.2417812509814,23.28281435290382,54.80586412116473,0,0.4355416959359411,0.0880814251883252,0.16222508858922752,0.11355756201245926,0,1,1
2024-01-01 00:01:32.600,2720.539076364206,22.04568715880505,37.67541913756084,94.80152398140736,15.514571634721388,13.701716801283414,25.88803134154702,42.75027734362232,0,0.4637465287964571,0.12538999290299627,0.22961645055055152,0.16073151538538605,0,1,1
2024-01-01 00:01:32.700,3188.60593753226,55.70993667179834,44.294263663410526,92.31241812033429,22.38554953773739,13.549996745207952,23.503631294760588,51.13583931099204,0,0.3894329490960711,0.021662483853812253,0.049341130676289036,0.034538791473402324,0,1,1
2024-01-01 00:01:32.800,3782.76201461717,76.51439452497857,71.56236115124369,84.10315439183691,7.094385780537813,13.8542969715917,25.551130755858612,52.509785463175255,0,0.4629778561604378,0.15601189995406461,0.24359916155526165,0.17051941308868315,0,1,1
2024-01-01 00:01:32.900,7527.004169440733,89.37521181330891,59.70899371230437,120.21584060997768,18.567410846358072,13.620982368911152,23.45628352673988,38.12316166464278,1,0.6315717433558834,0.13256151181026143,0.5231989857429835,0.3662392900200884,0,-1,1
2024-01-01 00:01:33.000,2722.400236653401,41.55675608321375,57.38309184993793,93.35765585864527,30.965471182302537,13.209989432789202,23.960817680521536,54.86613733075352,0,0.44751240449757473,0.08499036057587743,0.18136457012490972,0.1269551990874368,0,1,1
2024-01-01 00:01:33.100,3940.578534720295,67.45048834854782,30.889209479522584,97.64015679693917,-1.912538511652812,13.26118075868381,27.151776058271828,60.767480062706525,0,0.4735391788928899,0.2361336321318658,0.30190966640070016,0.2113367664804901,0,1,1
2024-01-01 00:01:33.200,2275.993049791878,53.0203431482992,22.215183435433516,94.4375198370703,35.34482101794515,13.530875217156972,25.86032646064557,48.60281643454697,0,0.4430182254483228,0.08650550795428409,0.17435634153406038,0.12204943907384226,0,1,1
2024-01-01 00:01:33.300,1900.597021689959,58.41077468543797,59.10601116475506,93.8042332715574,31.2237421870316,12.805786780199968,25.265956442658588,60.881345046624105,0,0.49018662996516854,0.23338646626600928,0.3293023635997765,0.23051165451984354,0,1,1
2024-01-01 00:01:33.400,3220.007225026666,99.66515020525551,57.52093585059588,90.30042997307582,15.402353841695238,14.002032565686896,26.963133151346504,48.48245205238074,0,0.4804787814746745,0.20459773802674613,0.29813313779446426,0.20869319645612497,0,1,1
2024-01-01 00:01:33.500,2748.9728878236942,37.4554450740727,69.45341351501963,91.94156002711723,25.433908278718096,13.632524020913268,26.086342311819816,56.79667624837294,0,0.4375354318333902,0.09246818525766093,0.1678635825387071,0.11750450777709495,0,1,1
2024-01-01 00:01:33.600,2489.383591434643,63.8060949224186,27.92038748061541,96.2475245035308,20.031477269063267,13.86811037911466,27.938171627547774,32.25144027239121,0,0.4489991547813087,0.23652200130600132,0.25969944895799424,0.18178961427059595,0,1,1
2024-01-01 00:01:33.700,3354.1782236496765,67.01539757648149,35.40902689279306,83.33611301260176,32.299903684386834,13.02581881775725,24.045246440334683,69.35022223450771,0,0.49022765416984326,0.1964131655715659,0.31088660180833083,0.21762062126583157,0,1,1
2024-01-01 00:01:33.800,3121.9003568856,76.2867948740902,7.210316749491319,88.25280336391522,29.82683142769941,13.873369548106576,24.025614927829867,61.96366596194365,0,0.46464508195984416,0.17001700069069617,0.25348262649607267,0.17743783854725087,0,1,1
2024-01-01 00:01:33.900,2717.960684631636,61.46974730206343,32.15057787878254,86.1371562562188,5.999292768169909,14.169449673308325,22.202586272022117,47.72299596597057,0,0.4534342245385794,0.12723899153935947,0.21272160732790715,0.148905125129535,0,1,1
2024-01-01 00:01:34.000,2359.847800664553,64.62075809256153,59.93141021158894,91.8957655936306,25.872624134641768,13.103736493386805,23.866763289979883,34.223287786849454,0,0.4515811888193807,0.21259676302327737,0.2521985047077051,0.17653895329539357,0,1,1
2024-01-01 00:01:34.100,3436.2286641400724,54.125271488673135,30.67009241543604,96.15111087825396,17.943721463567524,13.73142053847113,26.57418443324953,52.30422694644391,0,0.41369855696246743,0.04019703486704539,0.10053862543553896,0.07037703780487727,0,1,1
2024-01-01 00:01:34.200,3325.1005889793305,64.0369041186766,52.80959590401648,87.01512856639464,20.828325705181,13.500332983406189,27.16453930908883,38.44859562340994,0,0.4057256867589431,0.05990414206505228,0.09661530612259214,0.06763071428581449,0,1,1
2024-01-01 00:01:34.300,2950.4120681103086,54.85211586753884,36.18993788004377,78.04847816265281,12.718280990301844,13.036669845525529,26.40509482065782,53.55882830045991,0,0.44908944899896125,0.14226829316493372,0.2127286205005117,0.14891003435035818,0,1,1
2024-01-01 00:01:34.400,3923.318498023833,69.32357834784077,46.481140564431215,87.93889627487765,37.48137069120836,13.64786519155556,20.81602067130553,53.29252575331426,0,0.44234373190577647,0.139319566323641,0.19959786675612767,0.13971850672928937,0,1,1
2024-01-01 00:01:34.500,2464.957616836924,5.93576096299465,17.046172203686652,94.56736866008704,90.93832585564442,13.750080961451204,26.490614749645797,42.4687746479838,1,0.6038952027023768,0.6684006411941761,0.7432943449114098,0.8203060414379868,1,-1,-1
2024-01-01 00:01:34.600,2237.2374145376307,65.6565059085328,41.70418899267802,92.6881495147494,12.602288360270329,13.319662034199348,20.5672069977001,58.96773618891502,0,0.43612667285588147,0.06535596781711095,0.15187318191335034,0.10631122733934523,0,1,1
2024-01-01 00:01:34.700,2654.045965059378,59.56105779472532,-19.822719418014465,92.14093123905288,6.653893930897674,13.849774956076567,25.960398812408854,56.444597622449386,0,0.4831881356950303,0.24359455562894936,0.3223132268204362,0.22561925877430533,0,1,1
2024-01-01 00:01:34.800,2977.206991822251,76.89075376158252,36.2620768367603,88.6000334906276,16.14327369022152,12.99997097796324,23.34851503094197,57.80658669830851,0,0.4499942295247556,0.09303104102592619,0.1896734271721513,0.1327713990205059,0,1,1
2024-01-01 00:01:34.900,3121.6697246613458,59.22909414617271,7.390535125697198,83.60484631890107,24.345026460913058,13.051573156065109,25.409070631871717,50.07086162935117,0,0.45281951150998456,0.0874987963993828,0.19178930467291347,0.13425251327103943,0,1,1
2024-01-01 00:01:35.000,2879.381971071835,33.40451297689678,64.11989033093633,92.57647160812232,22.40205843946223,13.540979218676624,21.25902722813479,38.67580746469035,0,0.45562648301449693,0.12161586387886497,0.21369819828281003,0.14958873879796702,0,1,1
2024-01-01 00:01:35.100,3176.0276982571486,78.92882251070988,55.54814705529022,85.82859094982688,32.53132824768244,13.50761558339168,26.186179109256138,57.8229781776891,0,0.427664901377553,0.05826295395731668,0.13370499580255224,0.09359349706178656,0,1,1
2024-01-01 00:01:35.200,2374.230287904778,46.41401548706072,49.33341963932162,100.92048366690229,27.89919722180852,13.285027953472769,20.833814271553983,47.83702880691367,0,0.45131070139875373,0.15647814097512364,0.22367179979370747,0.15657025985559522,0,1,1
2024-01-01 00:01:35.300,3721.88230203663,50.1935049202677,70.4201245431876,92.85253604177258,29.69569025752907,13.742878330791566,22.34677386197733,38.881758854458646,0,0.4570270828259524,0.15419488232890066,0.2324079006265361,0.16268553043857525,0,1,1
2024-01-01 00:01:35.400,2958.9244108037155,51.065080589347616,21.02166958350325,87.09675848723025,23.26855400610437,13.659268294264784,21.60741434806553,60.81631492779461,0,0.42447343109785524,0.07124067342460481,0.13467909368465805,0.09427536557926063,0,1,1
2024-01-01 00:01:35.500,3558.647915794064,80.61657139756227,74.94726395831117,86.94307376305686,6.107012697890097,13.757441721280204,20.014953817878524,66.79526016402008,0,0.497298001834745,0.21286259725817566,0.33132865955437946,0.2319300616880656,0,1,1
2024-01-01 00:01:35.600,3171.362673188852,27.964886790319568,58.643831285207696,89.53527896693205,18.043014688530985,13.46305906939432,23.63249857862038,49.67001496816638,0,0.43886034861990453,0.078356068404073,0.16309693930628674,0.11416785751440071,0,1,1
2024-01-01 00:01:35.700,7796.4199282359905,107.0662280048999,95.66945857479656,88.80249038989125,30.60089739908665,13.680774080393505,26.975541599037285,67.27296923682633,1,0.647240086272777,0.5073762721857549,0.7376807774784662,0.8163765442349262,1,-1,-1
2024-01-01 00:01:35.800,3284.883640116102,75.84085213599077,62.71240294365889,95.58416887764976,19.48477071475354,13.366304909091,28.6170937279233,50.7305178288908,0,0.4089641640158653,0.05913445388438071,0.10182645048534014,0.0712785153397381,0,1,1
2024-01-01 00:01:35.900,3223.854280008657,63.348583711937394,17.874129751767317,90.93208084872025,25.03090368623747,14.11614560702598,23.397514777375697,46.95635276666919,0,0.4353515304739951,0.11158379158591326,0.17364767175633983,0.12155337022943787,0,1,1
2024-01-01 00:01:36.000,3321.361379933772,59.1765899907557,23.50971676944653,86.34184130545736,16.812516847538667,13.256236268963404,25.356485673258167,44.95633236651618,0,0.40053192201463367,0.0376542798287976,0.0765157102989878,0.05356099720929145,0,1,1
2024-01-01 00:01:36.100,3664.576265066216,64.28331112286486,27.828205535205992,99.45220342577892,9.70188151458155,14.131589228837491,23.507232318900115,63.09665926394194,0,0.4818435026887873,0.19872170049394663,0.29755331504118454,0.20828732052882917,0,1,1
2024-01-01 00:01:36.200,3098.260584850735,67.81683642569007,29.420445838719694,90.24654165760111,18.766559359538896,13.510466384126822,23.96072935249939,43.75884894889783,0,0.3970297470904514,0.024299042855487903,0.06378644195296988,0.044650509367078914,0,1,1
2024-01-01 00:01:36.300,3354.5018787942563,69.67823378925085,18.868847144794945,93.84419837984449,23.090474430326537,13.087346733129378,22.198585580628404,55.8821544797999,0,0.43947271014037004,0.0810157591045461,0.16548492640827195,0.11583944848579035,0,1,1
2024-01-01 00:01:36.400,2955.1321528563867,68.33406699005172,64.4616613419065,86.9588674627762,13.443122805385563,13.91042380514658,23.192956653648007,45.526689319526334,0,0.4213962724737456,0.11821456364319191,0.15284880394475886,0.1069941627613312,0,1,1
2024-01-01 00:01:36.500,7468.897697616079,61.34371021882873,96.44838596020196,91.8155781387226,17.642887551433315,13.537770416518487,23.79768013193558,46.3175458994051,1,0.5474579778082436,0.33792424441549623,0.4805343689160666,0.6363740582412466,1,-1,-1
2024-01-01 00:01:36.600,8001.938603717736,57.03992369539011,90.53628390371448,91.55554995571596,10.605367580140172,13.75533722951407,21.485723184889977,58.24199755175653,1,0.5690190178721327,0.2947099479416183,0.49618403048876975,0.3473288213421388,0,-1,1
2024-01-01 00:01:36.700,3900.470216455408,57.73090074519733,28.59297267172639,80.55175353951924,31.19244917564096,13.867156775562778,22.407573962776585,46.95970522968517,0,0.45736029823892965,0.20042141748190195,0.25609695412199746,0.1792678678853982,0,1,1
2024-01-01 00:01:36.800,2979.9210246778284,57.07637579470978,3.5879339890296578,100.0763755523032,17.05544242411966,13.601386666243508,22.365622244487504,46.76163696463765,0,0.4556814495576394,0.16666165571191793,0.2363160746844005,0.16542125227908033,0,1,1
2024-01-01 00:01:36.900,2284.612448940976,77.00655145300597,45.40114716782844,96.45322230461274,34.52755545126183,13.322327746556155,24.05520903706345,59.062437577398455,0,0.4663126645464599,0.08968490719731892,0.21619811083913276,0.15133867758739292,0,1,1
2024-01-01 00:01:37.000,3064.052207455394,68.90335083421293,1.7549004916044595,88.01402341927006,35.287478505409084,13.792714013300776,20.19025797906696,62.77917834577298,0,0.470443414773411,0.19055314860757278,0.27377004006929484,0.19163902804850638,0,1,1
2024-01-01 00:01:37.100,2659.47417126256,15.894170480035797,38.62731907829063,84.48865129772072,19.18954035278256,13.500226652236378,22.13915782502694,55.15751842627387,0,0.48146081201285446,0.15104421043346353,0.273053292369099,0.19113730465836928,0,1,1
2024-01-01 00:01:37.200,3420.321774494362,69.83851164794642,12.63369922334379,91.73780806901776,9.915512674526504,13.705757345582526,25.98617310026756,44.76184179500841,0,0.4156694383968855,0.1134947441011085,0.14059310216272325,0.09841517151390627,0,1,1
2024-01-01 00:01:37.300,2673.6880103488047,62.92104292078162,79.74551998461615,90.43348849707198,-0.8589787773333732,12.85388082786256,24.41020238725396,45.91513200561936,0,0.48150470338889056,0.297036183654107,0.3461251219185561,0.24228758534298925,0,1,1
2024-01-01 00:01:37.400,2776.90828339261,59.71936865331154,58.22725444349443,91.77834474281616,5.279629269732084,13.634094515102955,24.700360099779413,50.6393221099203,0,0.40775785513255614,0.08691913017788597,0.11363432422295687,0.07954402695606981,0,1,1
2024-01-01 00:01:37.500,2055.2296345272343,54.17222320366671,42.11507582542961,90.95788698097044,6.2616517510134,13.308424252456492,21.97078560227799,52.56744049540526,0,0.43269007232895446,0.0978719532919048,0.16219283531998954,0.11353498472399268,0,1,1
2024-01-01 00:01:37.600,2773.846840375462,76.86169079979021,65.27413355309338,92.53120494652964,33.784696274615044,13.99599289115356,22.48383696921389,42.09707271888183,0,0.4642737865900416,0.20127524836223212,0.2684701634262487,0.18792911439837406,0,1,1
2024-01-01 00:01:37.700,1788.0603366855216,7.058910137428873,23.073680450685284,97.23652849695904,92.17516650259104,13.686926204366728,23.76623409516761,55.784303516638914,1,0.6261677218215731,0.7088486309058746,0.8020045633606785,0.8614031943524749,1,-1,-1
2024-01-01 00:01:37.800,2208.0485882571384,48.40683498264586,50.86958757340186,92.84051602564324,23.89604524091988,13.57195732375479,24.802192740743543,50.68410663711679,0,0.41862442622339396,0.07253731067063884,0.12522051294021633,0.08765435905815143,0,1,1
2024-01-01 00:01:37.900,3380.207328072149,8.111576782271321,43.99620867437427,84.75172250545029,80.4055994753484,13.645892998005069,17.698395775835827,36.27433345089496,1,0.6080023984300733,0.5979631334778439,0.7151726981326951,0.8006208886928865,1,-1,-1
2024-01-01 00:01:38.000,3392.9000793254163,45.42514898188071,45.2804016266734,96.81281426356226,8.020335707827384,13.200467744136985,18.89063890742183,42.56858814031416,0,0.4598226330765137,0.13776266594851622,0.22902241673321622,0.16031569171325133,0,1,1
2024-01-01 00:01:38.100,3212.7287808924825,39.305727528166045,65.44707000213535,98.20307281744144,28.87079776446287,13.986977007158416,24.060329644246732,45.96697061078669,0,0.47505373104509035,0.16519943798207934,0.26905966856193436,0.18834176799335403,0,1,1
2024-01-01 00:01:38.200,2516.5119284353937,50.59924163115052,54.64984205559605,105.76028367256042,22.867741123825866,14.09741112552507,20.807582649823757,49.41713848927156,0,0.46150552170826187,0.29402955479538073,0.3100638406185882,0.21704468843301175,0,1,1
2024-01-01 00:01:38.300,2976.14432192901,72.93590208574138,45.774473256500464,84.38252983380201,18.527947213144028,13.617874053164464,19.937839702765125,65.11423036403197,0,0.43501601740850787,0.08970265965501127,0.16212734959951458,0.11348914471966019,0,1,1
2024-01-01 00:01:38.400,2998.198730454716,74.2968756806413,6.902251275434075,91.21441006575138,25.648423586001226,13.97712107057209,18.692879227209996,51.90537044911703,0,0.46558128165637513,0.1418327319695714,0.2410082162311079,0.1687057513617755,0,1,1
2024-01-01 00:01:38.500,2420.8176554037286,67.6962813014594,20.799074094410727,79.58950648405506,36.35797806135815,13.32925554039824,20.0110877180329,43.273824880811,0,0.4794408712555314,0.16665305448541645,0.2773673192935715,0.19415712350550005,0,1,1
2024-01-01 00:01:38.600,3751.699150883576,70.87643680271995,37.54582132808552,92.76574578189604,17.789575364629496,13.260865930132503,18.23630247419339,51.7650464344573,0,0.43827469819857057,0.05715758033440049,0.1514857094721606,0.10603999663051242,0,1,1
2024-01-01 00:01:38.700,3438.6811452878355,67.74267430672438,41.86744748553303,87.25899850916613,20.69369802658069,13.512277424618675,25.143149506425917,47.18329802036895,0,0.3960650769389792,0.009189583279239332,0.05456479200441079,0.03819535440308755,0,1,1
2024-01-01 00:01:38.800,2889.517913085168,50.37777607165572,17.39592550652152,99.61722897412476,21.92596918731305,13.63048231151037,20.836008776919734,52.59806591626833,0,0.44245767012106235,0.11171898685852158,0.18599445873263104,0.13019612111284173,0,1,1
2024-01-01 00:01:38.900,3013.4429194972654,66.47883817010911,88.23353351156842,86.1269251499071,43.92109635273992,13.381803995627063,20.684899717275364,54.64454149628492,0,0.48483985343738994,0.24560773303325237,0.3261739326525573,0.22832175285679007,0,1,1
2024-01-01 00:01:39.000,3104.191403973776,72.00614287841523,70.32788110507146,81.55408481016369,-0.9935626441902556,13.661330457110545,21.896874071056384,59.67384517779151,0,0.47583120776412324,0.24383830827564212,0.3097225594124573,0.2168057915887201,0,1,1
2024-01-01 00:01:39.100,1979.132565787855,71.31436994720362,52.04236640784967,87.6436812964874,26.83223014788808,13.591916844622023,22.56533097917378,49.80570803463979,0,0.41923995861133984,0.06339810196660627,0.12171452950080075,0.08520017065056051,0,1,1
2024-01-01 00:01:39.200,2876.4113087397013,77.83370057211964,41.440737225674894,80.12256114391431,18.851977512409363,13.200507967412683,22.45233687366984,63.111684220798665,0,0.45593498860161774,0.09345879102800511,0.2001527499621521,0.14010692497350646,0,1,1
2024-01-01 00:01:39.300,2659.0078760011006,70.62455770801596,35.755820601976964,93.75549727253654,25.667717261841798,13.655637905235515,22.627724368295624,57.26418130028953,0,0.41419100164243045,0.05616442511097789,0.10937324972088447,0.07656127480461912,0,1,1
2024-01-01 00:01:39.400,2499.189995052542,65.27172311312374,20.961630799555287,79.6745847687184,13.426274460052756,13.759058472756456,19.13870929881869,44.340483641502495,0,0.4627644526834418,0.17349091195538074,0.251969912953563,0.1763789390674941,0,1,1
2024-01-01 00:01:39.500,2859.4498535570224,76.05225357474642,41.54961037037725,90.1422879059158,19.5103496914155,13.551440795277117,19.7245867104066,67.67884532598771,0,0.43936580458066443,0.09683436742989436,0.17320950107303026,0.12124665075112118,0,1,1
2024-01-01 00:01:39.600,3898.843263424761,59.6021811112641,45.155050802855015,79.61094090071902,27.11410579465495,13.845794430978508,21.77830355112479,52.61595610616078,0,0.44044740823741985,0.17197218965404215,0.21264738982299838,0.14885317287609887,0,1,1
2024-01-01 00:01:39.700,3320.4214306335048,46.77188023158424,15.164788490367512,88.39851097731679,51.12910201043841,10.085810771709438,19.10538203688092,24.695265233240068,1,0.6565037699366703,1.0,1.0,1.0,1,-1,-1
2024-01-01 00:01:39.800,2714.4105051086017,57.553995540843545,46.68352834489795,98.21689077902266,28.080361894020715,13.640385126639556,20.06986681602563,63.22330440984337,0,0.43619912939759786,0.10481897563690294,0.17172988848444415,0.1202109219391109,0,1,1
2024-01-01 00:01:39.900,8709.215125466742,48.82646032790326,94.752465265872,91.80323945717898,11.519344019694914,13.148915788080968,20.797527528849628,66.62222068158755,1,0.6098315408924749,0.3174990320954925,0.5781013489955494,0.4046709442968846,0,-1,1
